[debug] [2025-06-19T03:34:04.076Z] ----------------------------------------------------------------------
[debug] [2025-06-19T03:34:04.077Z] Command:       /Users/teddyhuang/.nvm/versions/node/v20.19.2/bin/node /Users/teddyhuang/.nvm/versions/node/v20.19.2/bin/firebase emulators:start --only functions
[debug] [2025-06-19T03:34:04.078Z] CLI Version:   14.6.0
[debug] [2025-06-19T03:34:04.078Z] Platform:      darwin
[debug] [2025-06-19T03:34:04.078Z] Node Version:  v20.19.2
[debug] [2025-06-19T03:34:04.078Z] Time:          Thu Jun 19 2025 11:34:04 GMT+0800 (Taipei Standard Time)
[debug] [2025-06-19T03:34:04.078Z] ----------------------------------------------------------------------
[debug] 
[debug] [2025-06-19T03:34:04.250Z] > command requires scopes: ["email","openid","https://www.googleapis.com/auth/cloudplatformprojects.readonly","https://www.googleapis.com/auth/firebase","https://www.googleapis.com/auth/cloud-platform"]
[debug] [2025-06-19T03:34:04.250Z] > authorizing via signed-in user (scmou104@gmail.com)
[info] i  emulators: Starting emulators: functions {"metadata":{"emulator":{"name":"hub"},"message":"Starting emulators: functions"}}
[debug] [2025-06-19T03:34:04.408Z] [logging] Logging Emulator only supports listening on one address (127.0.0.1). Not listening on ::1
[debug] [2025-06-19T03:34:04.408Z] assigned listening specs for emulators {"user":{"hub":[{"address":"127.0.0.1","family":"IPv4","port":4403}],"ui":[{"address":"127.0.0.1","family":"IPv4","port":4003}],"logging":[{"address":"127.0.0.1","family":"IPv4","port":4500}]},"metadata":{"message":"assigned listening specs for emulators"}}
[debug] [2025-06-19T03:34:04.411Z] [hub] writing locator at /var/folders/3r/tyfp7s5d6_qfk6lrh7td6fn00000gn/T/hub-ezpage-127d9.json
[debug] [2025-06-19T03:34:04.603Z] [eventarc] Eventarc Emulator only supports listening on one address (127.0.0.1). Not listening on ::1
[debug] [2025-06-19T03:34:04.603Z] [tasks] Cloud Tasks Emulator only supports listening on one address (127.0.0.1). Not listening on ::1
[debug] [2025-06-19T03:34:04.603Z] late-assigned ports for functions and eventarc emulators {"user":{"hub":[{"address":"127.0.0.1","family":"IPv4","port":4403}],"ui":[{"address":"127.0.0.1","family":"IPv4","port":4003}],"logging":[{"address":"127.0.0.1","family":"IPv4","port":4500}],"functions":[{"address":"127.0.0.1","family":"IPv4","port":5001}],"eventarc":[{"address":"127.0.0.1","family":"IPv4","port":9299}],"tasks":[{"address":"127.0.0.1","family":"IPv4","port":9499}]},"metadata":{"message":"late-assigned ports for functions and eventarc emulators"}}
[warn] ⚠  functions: The following emulators are not running, calls to these services from the Functions emulator will affect production: apphosting, auth, firestore, database, hosting, pubsub, storage, dataconnect {"metadata":{"emulator":{"name":"functions"},"message":"The following emulators are not running, calls to these services from the Functions emulator will affect production: \u001b[1mapphosting, auth, firestore, database, hosting, pubsub, storage, dataconnect\u001b[22m"}}
[debug] [2025-06-19T03:34:04.616Z] defaultcredentials: writing to file /Users/teddyhuang/.config/firebase/scmou104_gmail_com_application_default_credentials.json
[debug] [2025-06-19T03:34:04.617Z] Setting GAC to /Users/teddyhuang/.config/firebase/scmou104_gmail_com_application_default_credentials.json {"metadata":{"emulator":{"name":"functions"},"message":"Setting GAC to /Users/teddyhuang/.config/firebase/scmou104_gmail_com_application_default_credentials.json"}}
[debug] [2025-06-19T03:34:04.617Z] Checked if tokens are valid: false, expires at: 1750302924921
[debug] [2025-06-19T03:34:04.618Z] Checked if tokens are valid: false, expires at: 1750302924921
[debug] [2025-06-19T03:34:04.618Z] > refreshing access token with scopes: []
[debug] [2025-06-19T03:34:04.618Z] >>> [apiv2][query] POST https://www.googleapis.com/oauth2/v3/token [none]
[debug] [2025-06-19T03:34:04.618Z] >>> [apiv2][body] POST https://www.googleapis.com/oauth2/v3/token [omitted]
[debug] [2025-06-19T03:34:04.688Z] <<< [apiv2][status] POST https://www.googleapis.com/oauth2/v3/token 200
[debug] [2025-06-19T03:34:04.688Z] <<< [apiv2][body] POST https://www.googleapis.com/oauth2/v3/token [omitted]
[debug] [2025-06-19T03:34:04.701Z] >>> [apiv2][query] GET https://firebase.googleapis.com/v1beta1/projects/ezpage-127d9/adminSdkConfig [none]
[debug] [2025-06-19T03:34:04.971Z] <<< [apiv2][status] GET https://firebase.googleapis.com/v1beta1/projects/ezpage-127d9/adminSdkConfig 200
[debug] [2025-06-19T03:34:04.971Z] <<< [apiv2][body] GET https://firebase.googleapis.com/v1beta1/projects/ezpage-127d9/adminSdkConfig {"projectId":"ezpage-127d9","storageBucket":"ezpage-127d9.firebasestorage.app"}
[info] i  functions: Watching "/Users/teddyhuang/Documents/teddy/ezpage/functions" for Cloud Functions... {"metadata":{"emulator":{"name":"functions"},"message":"Watching \"/Users/teddyhuang/Documents/teddy/ezpage/functions\" for Cloud Functions..."}}
[debug] [2025-06-19T03:34:05.008Z] Validating nodejs source
[warn] ⚠  functions: package.json indicates an outdated version of firebase-functions. Please upgrade using npm install --save firebase-functions@latest in your functions directory. 
[warn] ⚠  functions: Please note that there will be breaking changes when you upgrade. 
[debug] [2025-06-19T03:34:05.309Z] > [functions] package.json contents: {
  "name": "ezpage-functions",
  "description": "EZPage Firebase Functions",
  "scripts": {
    "build": "tsc",
    "build:watch": "tsc --watch",
    "serve": "npm run build && firebase emulators:start --only functions",
    "shell": "npm run build && firebase functions:shell",
    "start": "npm run shell",
    "deploy": "firebase deploy --only functions",
    "logs": "firebase functions:log"
  },
  "engines": {
    "node": "18"
  },
  "main": "lib/index.js",
  "dependencies": {
    "@octokit/rest": "^20.0.2",
    "axios": "^1.6.0",
    "cors": "^2.8.5",
    "express": "^4.18.2",
    "firebase-admin": "^11.8.0",
    "firebase-functions": "^4.3.1",
    "multer": "^1.4.5-lts.1"
  },
  "devDependencies": {
    "@types/busboy": "^1.5.4",
    "@types/cors": "^2.8.13",
    "@types/express": "^4.17.17",
    "@types/multer": "^1.4.7",
    "typescript": "^4.9.0"
  },
  "private": true
}
[debug] [2025-06-19T03:34:05.309Z] Building nodejs source
[debug] [2025-06-19T03:34:05.309Z] Failed to find version of module node: reached end of search path /Users/teddyhuang/Documents/teddy/ezpage/functions/node_modules
[warn] ⚠  functions: Your requested "node" version "18" doesn't match your global version "20". Using node@20 from host. 
[info] i  functions: You are using a version of firebase-functions SDK (4.9.0) that does not have support for the newest Firebase Extensions features. Please update firebase-functions SDK to >=5.1.0 to use them correctly 
[debug] [2025-06-19T03:34:05.310Z] Could not find functions.yaml. Must use http discovery
[debug] [2025-06-19T03:34:05.313Z] Found firebase-functions binary at '/Users/teddyhuang/Documents/teddy/ezpage/functions/node_modules/.bin/firebase-functions'
[info] Serving at port 8365

[debug] [2025-06-19T03:34:05.617Z] Got response from /__/functions.yaml {"endpoints":{"api":{"platform":"gcfv1","availableMemoryMb":null,"timeoutSeconds":null,"minInstances":null,"maxInstances":null,"ingressSettings":null,"serviceAccountEmail":null,"vpc":null,"httpsTrigger":{},"entryPoint":"api"}},"specVersion":"v1alpha1","requiredAPIs":[]}
[info] ✔  functions: Loaded functions definitions from source: api. {"metadata":{"emulator":{"name":"functions"},"message":"Loaded functions definitions from source: api."}}
[info] ✔  functions[us-central1-api]: http function initialized (http://127.0.0.1:5001/ezpage-127d9/us-central1/api). {"metadata":{"emulator":{"name":"functions"},"message":"\u001b[1mhttp\u001b[22m function initialized (http://127.0.0.1:5001/ezpage-127d9/us-central1/api)."}}
[debug] [2025-06-19T03:34:09.644Z] Could not find VSCode notification endpoint: FetchError: request to http://localhost:40001/vscode/notify failed, reason: . If you are not running the Firebase Data Connect VSCode extension, this is expected and not an issue.
[info] 
┌─────────────────────────────────────────────────────────────┐
│ ✔  All emulators ready! It is now safe to connect your app. │
│ i  View Emulator UI at http://127.0.0.1:4003/               │
└─────────────────────────────────────────────────────────────┘

┌───────────┬────────────────┬─────────────────────────────────┐
│ Emulator  │ Host:Port      │ View in Emulator UI             │
├───────────┼────────────────┼─────────────────────────────────┤
│ Functions │ 127.0.0.1:5001 │ http://127.0.0.1:4003/functions │
└───────────┴────────────────┴─────────────────────────────────┘
  Emulator Hub host: 127.0.0.1 port: 4403
  Other reserved ports: 4500

Issues? Report them at https://github.com/firebase/firebase-tools/issues and attach the *-debug.log files.
 
[debug] [2025-06-19T03:39:23.996Z] [work-queue] {"queuedWork":["/ezpage-127d9/us-central1/api/repositories-2025-06-19T03:39:23.996Z"],"queueLength":1,"runningWork":[],"workRunningCount":0}
[debug] [2025-06-19T03:39:23.996Z] [work-queue] {"queuedWork":[],"queueLength":0,"runningWork":["/ezpage-127d9/us-central1/api/repositories-2025-06-19T03:39:23.996Z"],"workRunningCount":1}
[debug] [2025-06-19T03:39:23.997Z] Accepted request OPTIONS /ezpage-127d9/us-central1/api/repositories --> us-central1-api
[debug] [2025-06-19T03:39:24.004Z] [functions] Runtime ready! Sending request! {"metadata":{"emulator":{"name":"functions"},"message":"[functions] Runtime ready! Sending request!"}}
[debug] [2025-06-19T03:39:24.005Z] [functions] Got req.url=/ezpage-127d9/us-central1/api/repositories, mapping to path=/repositories {"metadata":{"emulator":{"name":"functions"},"message":"[functions] Got req.url=/ezpage-127d9/us-central1/api/repositories, mapping to path=/repositories"}}
[debug] [2025-06-19T03:39:24.008Z] [worker-pool] addWorker(us-central1-api) {"metadata":{"emulator":{"name":"functions"},"message":"[worker-pool] addWorker(us-central1-api)"}}
[debug] [2025-06-19T03:39:24.009Z] [worker-pool] Adding worker with key us-central1-api, total=1 {"metadata":{"emulator":{"name":"functions"},"message":"[worker-pool] Adding worker with key us-central1-api, total=1"}}
[debug] [2025-06-19T03:39:24.569Z] [runtime-status] [78620] Resolved module firebase-admin {"declared":true,"installed":true,"version":"11.11.1","resolution":"/Users/teddyhuang/Documents/teddy/ezpage/functions/node_modules/firebase-admin/lib/index.js"} {"metadata":{"emulator":{"name":"functions"},"function":{"name":"us-central1-api"},"extension":{},"message":"[runtime-status] [78620] Resolved module firebase-admin {\"declared\":true,\"installed\":true,\"version\":\"11.11.1\",\"resolution\":\"/Users/teddyhuang/Documents/teddy/ezpage/functions/node_modules/firebase-admin/lib/index.js\"}"}}
[debug] [2025-06-19T03:39:24.569Z] [runtime-status] [78620] Resolved module firebase-functions {"declared":true,"installed":true,"version":"4.9.0","resolution":"/Users/teddyhuang/Documents/teddy/ezpage/functions/node_modules/firebase-functions/lib/v1/index.js"} {"metadata":{"emulator":{"name":"functions"},"function":{"name":"us-central1-api"},"extension":{},"message":"[runtime-status] [78620] Resolved module firebase-functions {\"declared\":true,\"installed\":true,\"version\":\"4.9.0\",\"resolution\":\"/Users/teddyhuang/Documents/teddy/ezpage/functions/node_modules/firebase-functions/lib/v1/index.js\"}"}}
[debug] [2025-06-19T03:39:24.570Z] [runtime-status] [78620] Found local functions config: /Users/teddyhuang/Documents/teddy/ezpage/functions/.runtimeconfig.json {"metadata":{"emulator":{"name":"functions"},"function":{"name":"us-central1-api"},"extension":{},"message":"[runtime-status] [78620] Found local functions config: /Users/teddyhuang/Documents/teddy/ezpage/functions/.runtimeconfig.json"}}
[debug] [2025-06-19T03:39:24.570Z] [runtime-status] [78620] Outgoing network have been stubbed. [{"name":"http","status":"mocked"},{"name":"http","status":"mocked"},{"name":"https","status":"mocked"},{"name":"https","status":"mocked"},{"name":"net","status":"mocked"}] {"metadata":{"emulator":{"name":"functions"},"function":{"name":"us-central1-api"},"extension":{},"message":"[runtime-status] [78620] Outgoing network have been stubbed. [{\"name\":\"http\",\"status\":\"mocked\"},{\"name\":\"http\",\"status\":\"mocked\"},{\"name\":\"https\",\"status\":\"mocked\"},{\"name\":\"https\",\"status\":\"mocked\"},{\"name\":\"net\",\"status\":\"mocked\"}]"}}
[debug] [2025-06-19T03:39:24.570Z] [runtime-status] [78620] Resolved module firebase-functions {"declared":true,"installed":true,"version":"4.9.0","resolution":"/Users/teddyhuang/Documents/teddy/ezpage/functions/node_modules/firebase-functions/lib/v1/index.js"} {"metadata":{"emulator":{"name":"functions"},"function":{"name":"us-central1-api"},"extension":{},"message":"[runtime-status] [78620] Resolved module firebase-functions {\"declared\":true,\"installed\":true,\"version\":\"4.9.0\",\"resolution\":\"/Users/teddyhuang/Documents/teddy/ezpage/functions/node_modules/firebase-functions/lib/v1/index.js\"}"}}
[debug] [2025-06-19T03:39:24.722Z] [runtime-status] [78620] Checked functions.config() {"config":{"github":{"client_id":"Ov23liX2Xl95CThk8evQ","client_secret":"f80563bf8c704bbdc56a1396bd658390de6b4d5f"}}} {"metadata":{"emulator":{"name":"functions"},"function":{"name":"us-central1-api"},"extension":{},"message":"[runtime-status] [78620] Checked functions.config() {\"config\":{\"github\":{\"client_id\":\"Ov23liX2Xl95CThk8evQ\",\"client_secret\":\"f80563bf8c704bbdc56a1396bd658390de6b4d5f\"}}}"}}
[debug] [2025-06-19T03:39:24.722Z] [runtime-status] [78620] firebase-functions has been stubbed. {"functionsResolution":{"declared":true,"installed":true,"version":"4.9.0","resolution":"/Users/teddyhuang/Documents/teddy/ezpage/functions/node_modules/firebase-functions/lib/v1/index.js"}} {"metadata":{"emulator":{"name":"functions"},"function":{"name":"us-central1-api"},"extension":{},"message":"[runtime-status] [78620] firebase-functions has been stubbed. {\"functionsResolution\":{\"declared\":true,\"installed\":true,\"version\":\"4.9.0\",\"resolution\":\"/Users/teddyhuang/Documents/teddy/ezpage/functions/node_modules/firebase-functions/lib/v1/index.js\"}}"}}
[debug] [2025-06-19T03:39:24.722Z] [runtime-status] [78620] Resolved module firebase-functions {"declared":true,"installed":true,"version":"4.9.0","resolution":"/Users/teddyhuang/Documents/teddy/ezpage/functions/node_modules/firebase-functions/lib/v1/index.js"} {"metadata":{"emulator":{"name":"functions"},"function":{"name":"us-central1-api"},"extension":{},"message":"[runtime-status] [78620] Resolved module firebase-functions {\"declared\":true,\"installed\":true,\"version\":\"4.9.0\",\"resolution\":\"/Users/teddyhuang/Documents/teddy/ezpage/functions/node_modules/firebase-functions/lib/v1/index.js\"}"}}
[debug] [2025-06-19T03:39:24.723Z] [runtime-status] [78620] Resolved module firebase-admin {"declared":true,"installed":true,"version":"11.11.1","resolution":"/Users/teddyhuang/Documents/teddy/ezpage/functions/node_modules/firebase-admin/lib/index.js"} {"metadata":{"emulator":{"name":"functions"},"function":{"name":"us-central1-api"},"extension":{},"message":"[runtime-status] [78620] Resolved module firebase-admin {\"declared\":true,\"installed\":true,\"version\":\"11.11.1\",\"resolution\":\"/Users/teddyhuang/Documents/teddy/ezpage/functions/node_modules/firebase-admin/lib/index.js\"}"}}
[debug] [2025-06-19T03:39:24.724Z] [runtime-status] [78620] Resolved module firebase-functions {"declared":true,"installed":true,"version":"4.9.0","resolution":"/Users/teddyhuang/Documents/teddy/ezpage/functions/node_modules/firebase-functions/lib/v1/index.js"} {"metadata":{"emulator":{"name":"functions"},"function":{"name":"us-central1-api"},"extension":{},"message":"[runtime-status] [78620] Resolved module firebase-functions {\"declared\":true,\"installed\":true,\"version\":\"4.9.0\",\"resolution\":\"/Users/teddyhuang/Documents/teddy/ezpage/functions/node_modules/firebase-functions/lib/v1/index.js\"}"}}
[debug] [2025-06-19T03:39:24.724Z] [runtime-status] [78620] firebase-admin has been stubbed. {"adminResolution":{"declared":true,"installed":true,"version":"11.11.1","resolution":"/Users/teddyhuang/Documents/teddy/ezpage/functions/node_modules/firebase-admin/lib/index.js"}} {"metadata":{"emulator":{"name":"functions"},"function":{"name":"us-central1-api"},"extension":{},"message":"[runtime-status] [78620] firebase-admin has been stubbed. {\"adminResolution\":{\"declared\":true,\"installed\":true,\"version\":\"11.11.1\",\"resolution\":\"/Users/teddyhuang/Documents/teddy/ezpage/functions/node_modules/firebase-admin/lib/index.js\"}}"}}
[debug] [2025-06-19T03:39:24.801Z] [runtime-status] [78620] initializeApp(DEFAULT) {"storageBucket":"ezpage-127d9.firebasestorage.app","projectId":"ezpage-127d9"} {"metadata":{"emulator":{"name":"functions"},"function":{"name":"us-central1-api"},"extension":{},"message":"[runtime-status] [78620] initializeApp(DEFAULT) {\"storageBucket\":\"ezpage-127d9.firebasestorage.app\",\"projectId\":\"ezpage-127d9\"}"}}
[debug] [2025-06-19T03:39:24.804Z] [runtime-status] [78620] Functions runtime initialized. {"cwd":"/Users/teddyhuang/Documents/teddy/ezpage/functions","node_version":"20.19.2"} {"metadata":{"emulator":{"name":"functions"},"function":{"name":"us-central1-api"},"extension":{},"message":"[runtime-status] [78620] Functions runtime initialized. {\"cwd\":\"/Users/teddyhuang/Documents/teddy/ezpage/functions\",\"node_version\":\"20.19.2\"}"}}
[debug] [2025-06-19T03:39:24.804Z] [runtime-status] [78620] Listening to port: /var/folders/3r/tyfp7s5d6_qfk6lrh7td6fn00000gn/T/fire_emu_f5f13a6bc2bae638.sock {"metadata":{"emulator":{"name":"functions"},"function":{"name":"us-central1-api"},"extension":{},"message":"[runtime-status] [78620] Listening to port: /var/folders/3r/tyfp7s5d6_qfk6lrh7td6fn00000gn/T/fire_emu_f5f13a6bc2bae638.sock"}}
[debug] [2025-06-19T03:39:24.823Z] [worker-us-central1-api-e4a587de-2c42-4e04-b7e0-326232dd613c]: IDLE {"metadata":{"emulator":{"name":"functions"},"function":{"name":"us-central1-api"},"extension":{},"message":"[worker-us-central1-api-e4a587de-2c42-4e04-b7e0-326232dd613c]: IDLE"}}
[debug] [2025-06-19T03:39:24.823Z] [worker-pool] submitRequest(triggerId=us-central1-api) {"metadata":{"emulator":{"name":"functions"},"message":"[worker-pool] submitRequest(triggerId=us-central1-api)"}}
[info] i  functions: Beginning execution of "us-central1-api" {"metadata":{"emulator":{"name":"functions"},"function":{"name":"us-central1-api"},"extension":{},"message":"Beginning execution of \"us-central1-api\""}}
[debug] [2025-06-19T03:39:24.823Z] [worker-us-central1-api-e4a587de-2c42-4e04-b7e0-326232dd613c]: BUSY {"metadata":{"emulator":{"name":"functions"},"function":{"name":"us-central1-api"},"extension":{},"message":"[worker-us-central1-api-e4a587de-2c42-4e04-b7e0-326232dd613c]: BUSY"}}
[debug] [2025-06-19T03:39:24.826Z] Finishing up request with event=pause {"metadata":{"emulator":{"name":"functions"},"function":{"name":"us-central1-api"},"extension":{},"message":"Finishing up request with event=pause"}}
[info] i  functions: Finished "us-central1-api" in 2.502709ms {"metadata":{"emulator":{"name":"functions"},"function":{"name":"us-central1-api"},"extension":{},"message":"Finished \"us-central1-api\" in 2.502709ms"}}
[debug] [2025-06-19T03:39:24.826Z] [worker-us-central1-api-e4a587de-2c42-4e04-b7e0-326232dd613c]: IDLE {"metadata":{"emulator":{"name":"functions"},"function":{"name":"us-central1-api"},"extension":{},"message":"[worker-us-central1-api-e4a587de-2c42-4e04-b7e0-326232dd613c]: IDLE"}}
[debug] [2025-06-19T03:39:24.826Z] Finishing up request with event=finish {"metadata":{"emulator":{"name":"functions"},"function":{"name":"us-central1-api"},"extension":{},"message":"Finishing up request with event=finish"}}
[debug] [2025-06-19T03:39:24.826Z] Finishing up request with event=close {"metadata":{"emulator":{"name":"functions"},"function":{"name":"us-central1-api"},"extension":{},"message":"Finishing up request with event=close"}}
[debug] [2025-06-19T03:39:24.826Z] [work-queue] {"queuedWork":[],"queueLength":0,"runningWork":[],"workRunningCount":0}
[debug] [2025-06-19T03:39:24.827Z] [work-queue] {"queuedWork":["/ezpage-127d9/us-central1/api/repositories-2025-06-19T03:39:24.827Z"],"queueLength":1,"runningWork":[],"workRunningCount":0}
[debug] [2025-06-19T03:39:24.827Z] [work-queue] {"queuedWork":[],"queueLength":0,"runningWork":["/ezpage-127d9/us-central1/api/repositories-2025-06-19T03:39:24.827Z"],"workRunningCount":1}
[debug] [2025-06-19T03:39:24.827Z] Accepted request GET /ezpage-127d9/us-central1/api/repositories --> us-central1-api
[debug] [2025-06-19T03:39:24.827Z] [functions] Runtime ready! Sending request! {"metadata":{"emulator":{"name":"functions"},"message":"[functions] Runtime ready! Sending request!"}}
[debug] [2025-06-19T03:39:24.827Z] [functions] Got req.url=/ezpage-127d9/us-central1/api/repositories, mapping to path=/repositories {"metadata":{"emulator":{"name":"functions"},"message":"[functions] Got req.url=/ezpage-127d9/us-central1/api/repositories, mapping to path=/repositories"}}
[debug] [2025-06-19T03:39:24.827Z] [worker-pool] submitRequest(triggerId=us-central1-api) {"metadata":{"emulator":{"name":"functions"},"message":"[worker-pool] submitRequest(triggerId=us-central1-api)"}}
[info] i  functions: Beginning execution of "us-central1-api" {"metadata":{"emulator":{"name":"functions"},"function":{"name":"us-central1-api"},"extension":{},"message":"Beginning execution of \"us-central1-api\""}}
[debug] [2025-06-19T03:39:24.827Z] [worker-us-central1-api-e4a587de-2c42-4e04-b7e0-326232dd613c]: BUSY {"metadata":{"emulator":{"name":"functions"},"function":{"name":"us-central1-api"},"extension":{},"message":"[worker-us-central1-api-e4a587de-2c42-4e04-b7e0-326232dd613c]: BUSY"}}
[info] >  開始獲取用戶的 GitHub repositories... {"user":"開始獲取用戶的 GitHub repositories...","metadata":{"emulator":{"name":"functions"},"function":{"name":"us-central1-api"},"extension":{},"message":"\u001b[90m> \u001b[39m 開始獲取用戶的 GitHub repositories..."}}
[info] >  Token: 存在 {"user":"Token: 存在","metadata":{"emulator":{"name":"functions"},"function":{"name":"us-central1-api"},"extension":{},"message":"\u001b[90m> \u001b[39m Token: 存在"}}
[info] >  獲取到 repositories 數量: 1 {"user":"獲取到 repositories 數量: 1","metadata":{"emulator":{"name":"functions"},"function":{"name":"us-central1-api"},"extension":{},"message":"\u001b[90m> \u001b[39m 獲取到 repositories 數量: 1"}}
[info] >  最終回傳資料: 1 個 repositories {"user":"最終回傳資料: 1 個 repositories","metadata":{"emulator":{"name":"functions"},"function":{"name":"us-central1-api"},"extension":{},"message":"\u001b[90m> \u001b[39m 最終回傳資料: 1 個 repositories"}}
[debug] [2025-06-19T03:39:25.247Z] Finishing up request with event=pause {"metadata":{"emulator":{"name":"functions"},"function":{"name":"us-central1-api"},"extension":{},"message":"Finishing up request with event=pause"}}
[info] i  functions: Finished "us-central1-api" in 419.700833ms {"metadata":{"emulator":{"name":"functions"},"function":{"name":"us-central1-api"},"extension":{},"message":"Finished \"us-central1-api\" in 419.700833ms"}}
[debug] [2025-06-19T03:39:25.247Z] [worker-us-central1-api-e4a587de-2c42-4e04-b7e0-326232dd613c]: IDLE {"metadata":{"emulator":{"name":"functions"},"function":{"name":"us-central1-api"},"extension":{},"message":"[worker-us-central1-api-e4a587de-2c42-4e04-b7e0-326232dd613c]: IDLE"}}
[debug] [2025-06-19T03:39:25.247Z] Finishing up request with event=finish {"metadata":{"emulator":{"name":"functions"},"function":{"name":"us-central1-api"},"extension":{},"message":"Finishing up request with event=finish"}}
[debug] [2025-06-19T03:39:25.248Z] Finishing up request with event=close {"metadata":{"emulator":{"name":"functions"},"function":{"name":"us-central1-api"},"extension":{},"message":"Finishing up request with event=close"}}
[debug] [2025-06-19T03:39:25.248Z] [work-queue] {"queuedWork":[],"queueLength":0,"runningWork":[],"workRunningCount":0}
[debug] [2025-06-19T03:39:29.642Z] [work-queue] {"queuedWork":["/ezpage-127d9/us-central1/api/repositories-2025-06-19T03:39:29.642Z"],"queueLength":1,"runningWork":[],"workRunningCount":0}
[debug] [2025-06-19T03:39:29.642Z] [work-queue] {"queuedWork":[],"queueLength":0,"runningWork":["/ezpage-127d9/us-central1/api/repositories-2025-06-19T03:39:29.642Z"],"workRunningCount":1}
[debug] [2025-06-19T03:39:29.642Z] Accepted request GET /ezpage-127d9/us-central1/api/repositories --> us-central1-api
[debug] [2025-06-19T03:39:29.643Z] [functions] Runtime ready! Sending request! {"metadata":{"emulator":{"name":"functions"},"message":"[functions] Runtime ready! Sending request!"}}
[debug] [2025-06-19T03:39:29.643Z] [functions] Got req.url=/ezpage-127d9/us-central1/api/repositories, mapping to path=/repositories {"metadata":{"emulator":{"name":"functions"},"message":"[functions] Got req.url=/ezpage-127d9/us-central1/api/repositories, mapping to path=/repositories"}}
[debug] [2025-06-19T03:39:29.643Z] [worker-pool] submitRequest(triggerId=us-central1-api) {"metadata":{"emulator":{"name":"functions"},"message":"[worker-pool] submitRequest(triggerId=us-central1-api)"}}
[info] i  functions: Beginning execution of "us-central1-api" {"metadata":{"emulator":{"name":"functions"},"function":{"name":"us-central1-api"},"extension":{},"message":"Beginning execution of \"us-central1-api\""}}
[debug] [2025-06-19T03:39:29.643Z] [worker-us-central1-api-e4a587de-2c42-4e04-b7e0-326232dd613c]: BUSY {"metadata":{"emulator":{"name":"functions"},"function":{"name":"us-central1-api"},"extension":{},"message":"[worker-us-central1-api-e4a587de-2c42-4e04-b7e0-326232dd613c]: BUSY"}}
[info] >  開始獲取用戶的 GitHub repositories... {"user":"開始獲取用戶的 GitHub repositories...","metadata":{"emulator":{"name":"functions"},"function":{"name":"us-central1-api"},"extension":{},"message":"\u001b[90m> \u001b[39m 開始獲取用戶的 GitHub repositories..."}}
[info] >  Token: 存在 {"user":"Token: 存在","metadata":{"emulator":{"name":"functions"},"function":{"name":"us-central1-api"},"extension":{},"message":"\u001b[90m> \u001b[39m Token: 存在"}}
[info] >  獲取到 repositories 數量: 1 {"user":"獲取到 repositories 數量: 1","metadata":{"emulator":{"name":"functions"},"function":{"name":"us-central1-api"},"extension":{},"message":"\u001b[90m> \u001b[39m 獲取到 repositories 數量: 1"}}
[info] >  最終回傳資料: 1 個 repositories {"user":"最終回傳資料: 1 個 repositories","metadata":{"emulator":{"name":"functions"},"function":{"name":"us-central1-api"},"extension":{},"message":"\u001b[90m> \u001b[39m 最終回傳資料: 1 個 repositories"}}
[debug] [2025-06-19T03:39:30.057Z] Finishing up request with event=pause {"metadata":{"emulator":{"name":"functions"},"function":{"name":"us-central1-api"},"extension":{},"message":"Finishing up request with event=pause"}}
[info] i  functions: Finished "us-central1-api" in 418.926042ms {"metadata":{"emulator":{"name":"functions"},"function":{"name":"us-central1-api"},"extension":{},"message":"Finished \"us-central1-api\" in 418.926042ms"}}
[debug] [2025-06-19T03:39:30.063Z] [worker-us-central1-api-e4a587de-2c42-4e04-b7e0-326232dd613c]: IDLE {"metadata":{"emulator":{"name":"functions"},"function":{"name":"us-central1-api"},"extension":{},"message":"[worker-us-central1-api-e4a587de-2c42-4e04-b7e0-326232dd613c]: IDLE"}}
[debug] [2025-06-19T03:39:30.063Z] Finishing up request with event=finish {"metadata":{"emulator":{"name":"functions"},"function":{"name":"us-central1-api"},"extension":{},"message":"Finishing up request with event=finish"}}
[debug] [2025-06-19T03:39:30.063Z] Finishing up request with event=close {"metadata":{"emulator":{"name":"functions"},"function":{"name":"us-central1-api"},"extension":{},"message":"Finishing up request with event=close"}}
[debug] [2025-06-19T03:39:30.064Z] [work-queue] {"queuedWork":[],"queueLength":0,"runningWork":[],"workRunningCount":0}
[debug] [2025-06-19T03:43:24.117Z] [work-queue] {"queuedWork":["/ezpage-127d9/us-central1/api/repositories-2025-06-19T03:43:24.116Z"],"queueLength":1,"runningWork":[],"workRunningCount":0}
[debug] [2025-06-19T03:43:24.117Z] [work-queue] {"queuedWork":[],"queueLength":0,"runningWork":["/ezpage-127d9/us-central1/api/repositories-2025-06-19T03:43:24.116Z"],"workRunningCount":1}
[debug] [2025-06-19T03:43:24.117Z] Accepted request OPTIONS /ezpage-127d9/us-central1/api/repositories --> us-central1-api
[debug] [2025-06-19T03:43:24.123Z] [functions] Runtime ready! Sending request! {"metadata":{"emulator":{"name":"functions"},"message":"[functions] Runtime ready! Sending request!"}}
[debug] [2025-06-19T03:43:24.123Z] [functions] Got req.url=/ezpage-127d9/us-central1/api/repositories, mapping to path=/repositories {"metadata":{"emulator":{"name":"functions"},"message":"[functions] Got req.url=/ezpage-127d9/us-central1/api/repositories, mapping to path=/repositories"}}
[debug] [2025-06-19T03:43:24.123Z] [worker-pool] submitRequest(triggerId=us-central1-api) {"metadata":{"emulator":{"name":"functions"},"message":"[worker-pool] submitRequest(triggerId=us-central1-api)"}}
[info] i  functions: Beginning execution of "us-central1-api" {"metadata":{"emulator":{"name":"functions"},"function":{"name":"us-central1-api"},"extension":{},"message":"Beginning execution of \"us-central1-api\""}}
[debug] [2025-06-19T03:43:24.123Z] [worker-us-central1-api-e4a587de-2c42-4e04-b7e0-326232dd613c]: BUSY {"metadata":{"emulator":{"name":"functions"},"function":{"name":"us-central1-api"},"extension":{},"message":"[worker-us-central1-api-e4a587de-2c42-4e04-b7e0-326232dd613c]: BUSY"}}
[debug] [2025-06-19T03:43:24.126Z] Finishing up request with event=pause {"metadata":{"emulator":{"name":"functions"},"function":{"name":"us-central1-api"},"extension":{},"message":"Finishing up request with event=pause"}}
[info] i  functions: Finished "us-central1-api" in 2.649333ms {"metadata":{"emulator":{"name":"functions"},"function":{"name":"us-central1-api"},"extension":{},"message":"Finished \"us-central1-api\" in 2.649333ms"}}
[debug] [2025-06-19T03:43:24.126Z] [worker-us-central1-api-e4a587de-2c42-4e04-b7e0-326232dd613c]: IDLE {"metadata":{"emulator":{"name":"functions"},"function":{"name":"us-central1-api"},"extension":{},"message":"[worker-us-central1-api-e4a587de-2c42-4e04-b7e0-326232dd613c]: IDLE"}}
[debug] [2025-06-19T03:43:24.126Z] Finishing up request with event=finish {"metadata":{"emulator":{"name":"functions"},"function":{"name":"us-central1-api"},"extension":{},"message":"Finishing up request with event=finish"}}
[debug] [2025-06-19T03:43:24.127Z] Finishing up request with event=close {"metadata":{"emulator":{"name":"functions"},"function":{"name":"us-central1-api"},"extension":{},"message":"Finishing up request with event=close"}}
[debug] [2025-06-19T03:43:24.127Z] [work-queue] {"queuedWork":[],"queueLength":0,"runningWork":[],"workRunningCount":0}
[debug] [2025-06-19T03:43:24.128Z] [work-queue] {"queuedWork":["/ezpage-127d9/us-central1/api/repositories-2025-06-19T03:43:24.128Z"],"queueLength":1,"runningWork":[],"workRunningCount":0}
[debug] [2025-06-19T03:43:24.128Z] [work-queue] {"queuedWork":[],"queueLength":0,"runningWork":["/ezpage-127d9/us-central1/api/repositories-2025-06-19T03:43:24.128Z"],"workRunningCount":1}
[debug] [2025-06-19T03:43:24.128Z] Accepted request GET /ezpage-127d9/us-central1/api/repositories --> us-central1-api
[debug] [2025-06-19T03:43:24.130Z] [functions] Runtime ready! Sending request! {"metadata":{"emulator":{"name":"functions"},"message":"[functions] Runtime ready! Sending request!"}}
[debug] [2025-06-19T03:43:24.130Z] [functions] Got req.url=/ezpage-127d9/us-central1/api/repositories, mapping to path=/repositories {"metadata":{"emulator":{"name":"functions"},"message":"[functions] Got req.url=/ezpage-127d9/us-central1/api/repositories, mapping to path=/repositories"}}
[debug] [2025-06-19T03:43:24.130Z] [worker-pool] submitRequest(triggerId=us-central1-api) {"metadata":{"emulator":{"name":"functions"},"message":"[worker-pool] submitRequest(triggerId=us-central1-api)"}}
[info] i  functions: Beginning execution of "us-central1-api" {"metadata":{"emulator":{"name":"functions"},"function":{"name":"us-central1-api"},"extension":{},"message":"Beginning execution of \"us-central1-api\""}}
[debug] [2025-06-19T03:43:24.131Z] [worker-us-central1-api-e4a587de-2c42-4e04-b7e0-326232dd613c]: BUSY {"metadata":{"emulator":{"name":"functions"},"function":{"name":"us-central1-api"},"extension":{},"message":"[worker-us-central1-api-e4a587de-2c42-4e04-b7e0-326232dd613c]: BUSY"}}
[info] >  開始獲取用戶的 GitHub repositories... {"user":"開始獲取用戶的 GitHub repositories...","metadata":{"emulator":{"name":"functions"},"function":{"name":"us-central1-api"},"extension":{},"message":"\u001b[90m> \u001b[39m 開始獲取用戶的 GitHub repositories..."}}
[info] >  Token: 存在 {"user":"Token: 存在","metadata":{"emulator":{"name":"functions"},"function":{"name":"us-central1-api"},"extension":{},"message":"\u001b[90m> \u001b[39m Token: 存在"}}
[info] >  獲取到 repositories 數量: 1 {"user":"獲取到 repositories 數量: 1","metadata":{"emulator":{"name":"functions"},"function":{"name":"us-central1-api"},"extension":{},"message":"\u001b[90m> \u001b[39m 獲取到 repositories 數量: 1"}}
[info] >  最終回傳資料: 1 個 repositories {"user":"最終回傳資料: 1 個 repositories","metadata":{"emulator":{"name":"functions"},"function":{"name":"us-central1-api"},"extension":{},"message":"\u001b[90m> \u001b[39m 最終回傳資料: 1 個 repositories"}}
[debug] [2025-06-19T03:43:24.624Z] Finishing up request with event=pause {"metadata":{"emulator":{"name":"functions"},"function":{"name":"us-central1-api"},"extension":{},"message":"Finishing up request with event=pause"}}
[info] i  functions: Finished "us-central1-api" in 493.677833ms {"metadata":{"emulator":{"name":"functions"},"function":{"name":"us-central1-api"},"extension":{},"message":"Finished \"us-central1-api\" in 493.677833ms"}}
[debug] [2025-06-19T03:43:24.624Z] [worker-us-central1-api-e4a587de-2c42-4e04-b7e0-326232dd613c]: IDLE {"metadata":{"emulator":{"name":"functions"},"function":{"name":"us-central1-api"},"extension":{},"message":"[worker-us-central1-api-e4a587de-2c42-4e04-b7e0-326232dd613c]: IDLE"}}
[debug] [2025-06-19T03:43:24.624Z] Finishing up request with event=finish {"metadata":{"emulator":{"name":"functions"},"function":{"name":"us-central1-api"},"extension":{},"message":"Finishing up request with event=finish"}}
[debug] [2025-06-19T03:43:24.624Z] Finishing up request with event=close {"metadata":{"emulator":{"name":"functions"},"function":{"name":"us-central1-api"},"extension":{},"message":"Finishing up request with event=close"}}
[debug] [2025-06-19T03:43:24.625Z] [work-queue] {"queuedWork":[],"queueLength":0,"runningWork":[],"workRunningCount":0}
[debug] [2025-06-19T03:43:46.356Z] [work-queue] {"queuedWork":["/ezpage-127d9/us-central1/api/deploy-2025-06-19T03:43:46.356Z"],"queueLength":1,"runningWork":[],"workRunningCount":0}
[debug] [2025-06-19T03:43:46.357Z] [work-queue] {"queuedWork":[],"queueLength":0,"runningWork":["/ezpage-127d9/us-central1/api/deploy-2025-06-19T03:43:46.356Z"],"workRunningCount":1}
[debug] [2025-06-19T03:43:46.357Z] Accepted request OPTIONS /ezpage-127d9/us-central1/api/deploy --> us-central1-api
[debug] [2025-06-19T03:43:46.359Z] [functions] Runtime ready! Sending request! {"metadata":{"emulator":{"name":"functions"},"message":"[functions] Runtime ready! Sending request!"}}
[debug] [2025-06-19T03:43:46.360Z] [functions] Got req.url=/ezpage-127d9/us-central1/api/deploy, mapping to path=/deploy {"metadata":{"emulator":{"name":"functions"},"message":"[functions] Got req.url=/ezpage-127d9/us-central1/api/deploy, mapping to path=/deploy"}}
[debug] [2025-06-19T03:43:46.360Z] [worker-pool] submitRequest(triggerId=us-central1-api) {"metadata":{"emulator":{"name":"functions"},"message":"[worker-pool] submitRequest(triggerId=us-central1-api)"}}
[info] i  functions: Beginning execution of "us-central1-api" {"metadata":{"emulator":{"name":"functions"},"function":{"name":"us-central1-api"},"extension":{},"message":"Beginning execution of \"us-central1-api\""}}
[debug] [2025-06-19T03:43:46.360Z] [worker-us-central1-api-e4a587de-2c42-4e04-b7e0-326232dd613c]: BUSY {"metadata":{"emulator":{"name":"functions"},"function":{"name":"us-central1-api"},"extension":{},"message":"[worker-us-central1-api-e4a587de-2c42-4e04-b7e0-326232dd613c]: BUSY"}}
[debug] [2025-06-19T03:43:46.363Z] Finishing up request with event=pause {"metadata":{"emulator":{"name":"functions"},"function":{"name":"us-central1-api"},"extension":{},"message":"Finishing up request with event=pause"}}
[info] i  functions: Finished "us-central1-api" in 3.038167ms {"metadata":{"emulator":{"name":"functions"},"function":{"name":"us-central1-api"},"extension":{},"message":"Finished \"us-central1-api\" in 3.038167ms"}}
[debug] [2025-06-19T03:43:46.363Z] [worker-us-central1-api-e4a587de-2c42-4e04-b7e0-326232dd613c]: IDLE {"metadata":{"emulator":{"name":"functions"},"function":{"name":"us-central1-api"},"extension":{},"message":"[worker-us-central1-api-e4a587de-2c42-4e04-b7e0-326232dd613c]: IDLE"}}
[debug] [2025-06-19T03:43:46.363Z] Finishing up request with event=finish {"metadata":{"emulator":{"name":"functions"},"function":{"name":"us-central1-api"},"extension":{},"message":"Finishing up request with event=finish"}}
[debug] [2025-06-19T03:43:46.363Z] Finishing up request with event=close {"metadata":{"emulator":{"name":"functions"},"function":{"name":"us-central1-api"},"extension":{},"message":"Finishing up request with event=close"}}
[debug] [2025-06-19T03:43:46.363Z] [work-queue] {"queuedWork":[],"queueLength":0,"runningWork":[],"workRunningCount":0}
[debug] [2025-06-19T03:43:46.364Z] [work-queue] {"queuedWork":["/ezpage-127d9/us-central1/api/deploy-2025-06-19T03:43:46.364Z"],"queueLength":1,"runningWork":[],"workRunningCount":0}
[debug] [2025-06-19T03:43:46.364Z] [work-queue] {"queuedWork":[],"queueLength":0,"runningWork":["/ezpage-127d9/us-central1/api/deploy-2025-06-19T03:43:46.364Z"],"workRunningCount":1}
[debug] [2025-06-19T03:43:46.364Z] Accepted request POST /ezpage-127d9/us-central1/api/deploy --> us-central1-api
[debug] [2025-06-19T03:43:46.366Z] [functions] Runtime ready! Sending request! {"metadata":{"emulator":{"name":"functions"},"message":"[functions] Runtime ready! Sending request!"}}
[debug] [2025-06-19T03:43:46.367Z] [functions] Got req.url=/ezpage-127d9/us-central1/api/deploy, mapping to path=/deploy {"metadata":{"emulator":{"name":"functions"},"message":"[functions] Got req.url=/ezpage-127d9/us-central1/api/deploy, mapping to path=/deploy"}}
[debug] [2025-06-19T03:43:46.367Z] [worker-pool] submitRequest(triggerId=us-central1-api) {"metadata":{"emulator":{"name":"functions"},"message":"[worker-pool] submitRequest(triggerId=us-central1-api)"}}
[info] i  functions: Beginning execution of "us-central1-api" {"metadata":{"emulator":{"name":"functions"},"function":{"name":"us-central1-api"},"extension":{},"message":"Beginning execution of \"us-central1-api\""}}
[debug] [2025-06-19T03:43:46.367Z] [worker-us-central1-api-e4a587de-2c42-4e04-b7e0-326232dd613c]: BUSY {"metadata":{"emulator":{"name":"functions"},"function":{"name":"us-central1-api"},"extension":{},"message":"[worker-us-central1-api-e4a587de-2c42-4e04-b7e0-326232dd613c]: BUSY"}}
[debug] [2025-06-19T03:43:49.933Z] Finishing up request with event=pause {"metadata":{"emulator":{"name":"functions"},"function":{"name":"us-central1-api"},"extension":{},"message":"Finishing up request with event=pause"}}
[info] i  functions: Finished "us-central1-api" in 3565.3762500000003ms {"metadata":{"emulator":{"name":"functions"},"function":{"name":"us-central1-api"},"extension":{},"message":"Finished \"us-central1-api\" in 3565.3762500000003ms"}}
[debug] [2025-06-19T03:43:49.933Z] [worker-us-central1-api-e4a587de-2c42-4e04-b7e0-326232dd613c]: IDLE {"metadata":{"emulator":{"name":"functions"},"function":{"name":"us-central1-api"},"extension":{},"message":"[worker-us-central1-api-e4a587de-2c42-4e04-b7e0-326232dd613c]: IDLE"}}
[debug] [2025-06-19T03:43:49.933Z] Finishing up request with event=finish {"metadata":{"emulator":{"name":"functions"},"function":{"name":"us-central1-api"},"extension":{},"message":"Finishing up request with event=finish"}}
[debug] [2025-06-19T03:43:49.933Z] Finishing up request with event=close {"metadata":{"emulator":{"name":"functions"},"function":{"name":"us-central1-api"},"extension":{},"message":"Finishing up request with event=close"}}
[debug] [2025-06-19T03:43:49.933Z] [work-queue] {"queuedWork":[],"queueLength":0,"runningWork":[],"workRunningCount":0}
[debug] [2025-06-19T03:43:49.937Z] [work-queue] {"queuedWork":["/ezpage-127d9/us-central1/api/repositories-2025-06-19T03:43:49.937Z"],"queueLength":1,"runningWork":[],"workRunningCount":0}
[debug] [2025-06-19T03:43:49.938Z] [work-queue] {"queuedWork":[],"queueLength":0,"runningWork":["/ezpage-127d9/us-central1/api/repositories-2025-06-19T03:43:49.937Z"],"workRunningCount":1}
[debug] [2025-06-19T03:43:49.938Z] Accepted request OPTIONS /ezpage-127d9/us-central1/api/repositories --> us-central1-api
[debug] [2025-06-19T03:43:49.939Z] [functions] Runtime ready! Sending request! {"metadata":{"emulator":{"name":"functions"},"message":"[functions] Runtime ready! Sending request!"}}
[debug] [2025-06-19T03:43:49.939Z] [functions] Got req.url=/ezpage-127d9/us-central1/api/repositories, mapping to path=/repositories {"metadata":{"emulator":{"name":"functions"},"message":"[functions] Got req.url=/ezpage-127d9/us-central1/api/repositories, mapping to path=/repositories"}}
[debug] [2025-06-19T03:43:49.939Z] [worker-pool] submitRequest(triggerId=us-central1-api) {"metadata":{"emulator":{"name":"functions"},"message":"[worker-pool] submitRequest(triggerId=us-central1-api)"}}
[info] i  functions: Beginning execution of "us-central1-api" {"metadata":{"emulator":{"name":"functions"},"function":{"name":"us-central1-api"},"extension":{},"message":"Beginning execution of \"us-central1-api\""}}
[debug] [2025-06-19T03:43:49.939Z] [worker-us-central1-api-e4a587de-2c42-4e04-b7e0-326232dd613c]: BUSY {"metadata":{"emulator":{"name":"functions"},"function":{"name":"us-central1-api"},"extension":{},"message":"[worker-us-central1-api-e4a587de-2c42-4e04-b7e0-326232dd613c]: BUSY"}}
[debug] [2025-06-19T03:43:49.942Z] Finishing up request with event=pause {"metadata":{"emulator":{"name":"functions"},"function":{"name":"us-central1-api"},"extension":{},"message":"Finishing up request with event=pause"}}
[info] i  functions: Finished "us-central1-api" in 3.04175ms {"metadata":{"emulator":{"name":"functions"},"function":{"name":"us-central1-api"},"extension":{},"message":"Finished \"us-central1-api\" in 3.04175ms"}}
[debug] [2025-06-19T03:43:49.943Z] [worker-us-central1-api-e4a587de-2c42-4e04-b7e0-326232dd613c]: IDLE {"metadata":{"emulator":{"name":"functions"},"function":{"name":"us-central1-api"},"extension":{},"message":"[worker-us-central1-api-e4a587de-2c42-4e04-b7e0-326232dd613c]: IDLE"}}
[debug] [2025-06-19T03:43:49.943Z] Finishing up request with event=finish {"metadata":{"emulator":{"name":"functions"},"function":{"name":"us-central1-api"},"extension":{},"message":"Finishing up request with event=finish"}}
[debug] [2025-06-19T03:43:49.943Z] Finishing up request with event=close {"metadata":{"emulator":{"name":"functions"},"function":{"name":"us-central1-api"},"extension":{},"message":"Finishing up request with event=close"}}
[debug] [2025-06-19T03:43:49.943Z] [work-queue] {"queuedWork":[],"queueLength":0,"runningWork":[],"workRunningCount":0}
[debug] [2025-06-19T03:43:49.944Z] [work-queue] {"queuedWork":["/ezpage-127d9/us-central1/api/repositories-2025-06-19T03:43:49.944Z"],"queueLength":1,"runningWork":[],"workRunningCount":0}
[debug] [2025-06-19T03:43:49.944Z] [work-queue] {"queuedWork":[],"queueLength":0,"runningWork":["/ezpage-127d9/us-central1/api/repositories-2025-06-19T03:43:49.944Z"],"workRunningCount":1}
[debug] [2025-06-19T03:43:49.944Z] Accepted request GET /ezpage-127d9/us-central1/api/repositories --> us-central1-api
[debug] [2025-06-19T03:43:49.945Z] [functions] Runtime ready! Sending request! {"metadata":{"emulator":{"name":"functions"},"message":"[functions] Runtime ready! Sending request!"}}
[debug] [2025-06-19T03:43:49.945Z] [functions] Got req.url=/ezpage-127d9/us-central1/api/repositories, mapping to path=/repositories {"metadata":{"emulator":{"name":"functions"},"message":"[functions] Got req.url=/ezpage-127d9/us-central1/api/repositories, mapping to path=/repositories"}}
[debug] [2025-06-19T03:43:49.945Z] [worker-pool] submitRequest(triggerId=us-central1-api) {"metadata":{"emulator":{"name":"functions"},"message":"[worker-pool] submitRequest(triggerId=us-central1-api)"}}
[info] i  functions: Beginning execution of "us-central1-api" {"metadata":{"emulator":{"name":"functions"},"function":{"name":"us-central1-api"},"extension":{},"message":"Beginning execution of \"us-central1-api\""}}
[debug] [2025-06-19T03:43:49.945Z] [worker-us-central1-api-e4a587de-2c42-4e04-b7e0-326232dd613c]: BUSY {"metadata":{"emulator":{"name":"functions"},"function":{"name":"us-central1-api"},"extension":{},"message":"[worker-us-central1-api-e4a587de-2c42-4e04-b7e0-326232dd613c]: BUSY"}}
[info] >  開始獲取用戶的 GitHub repositories... {"user":"開始獲取用戶的 GitHub repositories...","metadata":{"emulator":{"name":"functions"},"function":{"name":"us-central1-api"},"extension":{},"message":"\u001b[90m> \u001b[39m 開始獲取用戶的 GitHub repositories..."}}
[info] >  Token: 存在 {"user":"Token: 存在","metadata":{"emulator":{"name":"functions"},"function":{"name":"us-central1-api"},"extension":{},"message":"\u001b[90m> \u001b[39m Token: 存在"}}
[info] >  獲取到 repositories 數量: 2 {"user":"獲取到 repositories 數量: 2","metadata":{"emulator":{"name":"functions"},"function":{"name":"us-central1-api"},"extension":{},"message":"\u001b[90m> \u001b[39m 獲取到 repositories 數量: 2"}}
[info] >  最終回傳資料: 2 個 repositories {"user":"最終回傳資料: 2 個 repositories","metadata":{"emulator":{"name":"functions"},"function":{"name":"us-central1-api"},"extension":{},"message":"\u001b[90m> \u001b[39m 最終回傳資料: 2 個 repositories"}}
[debug] [2025-06-19T03:43:50.278Z] Finishing up request with event=pause {"metadata":{"emulator":{"name":"functions"},"function":{"name":"us-central1-api"},"extension":{},"message":"Finishing up request with event=pause"}}
[info] i  functions: Finished "us-central1-api" in 333.058875ms {"metadata":{"emulator":{"name":"functions"},"function":{"name":"us-central1-api"},"extension":{},"message":"Finished \"us-central1-api\" in 333.058875ms"}}
[debug] [2025-06-19T03:43:50.283Z] [worker-us-central1-api-e4a587de-2c42-4e04-b7e0-326232dd613c]: IDLE {"metadata":{"emulator":{"name":"functions"},"function":{"name":"us-central1-api"},"extension":{},"message":"[worker-us-central1-api-e4a587de-2c42-4e04-b7e0-326232dd613c]: IDLE"}}
[debug] [2025-06-19T03:43:50.284Z] Finishing up request with event=finish {"metadata":{"emulator":{"name":"functions"},"function":{"name":"us-central1-api"},"extension":{},"message":"Finishing up request with event=finish"}}
[debug] [2025-06-19T03:43:50.284Z] Finishing up request with event=close {"metadata":{"emulator":{"name":"functions"},"function":{"name":"us-central1-api"},"extension":{},"message":"Finishing up request with event=close"}}
[debug] [2025-06-19T03:43:50.284Z] [work-queue] {"queuedWork":[],"queueLength":0,"runningWork":[],"workRunningCount":0}
[debug] [2025-06-19T03:45:28.525Z] [work-queue] {"queuedWork":["/ezpage-127d9/us-central1/api/deploy-2025-06-19T03:45:28.525Z"],"queueLength":1,"runningWork":[],"workRunningCount":0}
[debug] [2025-06-19T03:45:28.526Z] [work-queue] {"queuedWork":[],"queueLength":0,"runningWork":["/ezpage-127d9/us-central1/api/deploy-2025-06-19T03:45:28.525Z"],"workRunningCount":1}
[debug] [2025-06-19T03:45:28.526Z] Accepted request OPTIONS /ezpage-127d9/us-central1/api/deploy --> us-central1-api
[debug] [2025-06-19T03:45:28.529Z] [functions] Runtime ready! Sending request! {"metadata":{"emulator":{"name":"functions"},"message":"[functions] Runtime ready! Sending request!"}}
[debug] [2025-06-19T03:45:28.530Z] [functions] Got req.url=/ezpage-127d9/us-central1/api/deploy, mapping to path=/deploy {"metadata":{"emulator":{"name":"functions"},"message":"[functions] Got req.url=/ezpage-127d9/us-central1/api/deploy, mapping to path=/deploy"}}
[debug] [2025-06-19T03:45:28.530Z] [worker-pool] submitRequest(triggerId=us-central1-api) {"metadata":{"emulator":{"name":"functions"},"message":"[worker-pool] submitRequest(triggerId=us-central1-api)"}}
[info] i  functions: Beginning execution of "us-central1-api" {"metadata":{"emulator":{"name":"functions"},"function":{"name":"us-central1-api"},"extension":{},"message":"Beginning execution of \"us-central1-api\""}}
[debug] [2025-06-19T03:45:28.530Z] [worker-us-central1-api-e4a587de-2c42-4e04-b7e0-326232dd613c]: BUSY {"metadata":{"emulator":{"name":"functions"},"function":{"name":"us-central1-api"},"extension":{},"message":"[worker-us-central1-api-e4a587de-2c42-4e04-b7e0-326232dd613c]: BUSY"}}
[debug] [2025-06-19T03:45:28.534Z] Finishing up request with event=pause {"metadata":{"emulator":{"name":"functions"},"function":{"name":"us-central1-api"},"extension":{},"message":"Finishing up request with event=pause"}}
[info] i  functions: Finished "us-central1-api" in 3.871208ms {"metadata":{"emulator":{"name":"functions"},"function":{"name":"us-central1-api"},"extension":{},"message":"Finished \"us-central1-api\" in 3.871208ms"}}
[debug] [2025-06-19T03:45:28.534Z] [worker-us-central1-api-e4a587de-2c42-4e04-b7e0-326232dd613c]: IDLE {"metadata":{"emulator":{"name":"functions"},"function":{"name":"us-central1-api"},"extension":{},"message":"[worker-us-central1-api-e4a587de-2c42-4e04-b7e0-326232dd613c]: IDLE"}}
[debug] [2025-06-19T03:45:28.534Z] Finishing up request with event=finish {"metadata":{"emulator":{"name":"functions"},"function":{"name":"us-central1-api"},"extension":{},"message":"Finishing up request with event=finish"}}
[debug] [2025-06-19T03:45:28.534Z] Finishing up request with event=close {"metadata":{"emulator":{"name":"functions"},"function":{"name":"us-central1-api"},"extension":{},"message":"Finishing up request with event=close"}}
[debug] [2025-06-19T03:45:28.535Z] [work-queue] {"queuedWork":[],"queueLength":0,"runningWork":[],"workRunningCount":0}
[debug] [2025-06-19T03:45:28.536Z] [work-queue] {"queuedWork":["/ezpage-127d9/us-central1/api/deploy-2025-06-19T03:45:28.536Z"],"queueLength":1,"runningWork":[],"workRunningCount":0}
[debug] [2025-06-19T03:45:28.536Z] [work-queue] {"queuedWork":[],"queueLength":0,"runningWork":["/ezpage-127d9/us-central1/api/deploy-2025-06-19T03:45:28.536Z"],"workRunningCount":1}
[debug] [2025-06-19T03:45:28.536Z] Accepted request POST /ezpage-127d9/us-central1/api/deploy --> us-central1-api
[debug] [2025-06-19T03:45:28.538Z] [functions] Runtime ready! Sending request! {"metadata":{"emulator":{"name":"functions"},"message":"[functions] Runtime ready! Sending request!"}}
[debug] [2025-06-19T03:45:28.538Z] [functions] Got req.url=/ezpage-127d9/us-central1/api/deploy, mapping to path=/deploy {"metadata":{"emulator":{"name":"functions"},"message":"[functions] Got req.url=/ezpage-127d9/us-central1/api/deploy, mapping to path=/deploy"}}
[debug] [2025-06-19T03:45:28.538Z] [worker-pool] submitRequest(triggerId=us-central1-api) {"metadata":{"emulator":{"name":"functions"},"message":"[worker-pool] submitRequest(triggerId=us-central1-api)"}}
[info] i  functions: Beginning execution of "us-central1-api" {"metadata":{"emulator":{"name":"functions"},"function":{"name":"us-central1-api"},"extension":{},"message":"Beginning execution of \"us-central1-api\""}}
[debug] [2025-06-19T03:45:28.538Z] [worker-us-central1-api-e4a587de-2c42-4e04-b7e0-326232dd613c]: BUSY {"metadata":{"emulator":{"name":"functions"},"function":{"name":"us-central1-api"},"extension":{},"message":"[worker-us-central1-api-e4a587de-2c42-4e04-b7e0-326232dd613c]: BUSY"}}
[debug] [2025-06-19T03:45:30.584Z] Finishing up request with event=pause {"metadata":{"emulator":{"name":"functions"},"function":{"name":"us-central1-api"},"extension":{},"message":"Finishing up request with event=pause"}}
[info] i  functions: Finished "us-central1-api" in 2045.774959ms {"metadata":{"emulator":{"name":"functions"},"function":{"name":"us-central1-api"},"extension":{},"message":"Finished \"us-central1-api\" in 2045.774959ms"}}
[debug] [2025-06-19T03:45:30.589Z] [worker-us-central1-api-e4a587de-2c42-4e04-b7e0-326232dd613c]: IDLE {"metadata":{"emulator":{"name":"functions"},"function":{"name":"us-central1-api"},"extension":{},"message":"[worker-us-central1-api-e4a587de-2c42-4e04-b7e0-326232dd613c]: IDLE"}}
[debug] [2025-06-19T03:45:30.589Z] Finishing up request with event=finish {"metadata":{"emulator":{"name":"functions"},"function":{"name":"us-central1-api"},"extension":{},"message":"Finishing up request with event=finish"}}
[debug] [2025-06-19T03:45:30.590Z] Finishing up request with event=close {"metadata":{"emulator":{"name":"functions"},"function":{"name":"us-central1-api"},"extension":{},"message":"Finishing up request with event=close"}}
[debug] [2025-06-19T03:45:30.590Z] [work-queue] {"queuedWork":[],"queueLength":0,"runningWork":[],"workRunningCount":0}
[debug] [2025-06-19T03:45:30.592Z] [work-queue] {"queuedWork":["/ezpage-127d9/us-central1/api/repositories-2025-06-19T03:45:30.592Z"],"queueLength":1,"runningWork":[],"workRunningCount":0}
[debug] [2025-06-19T03:45:30.592Z] [work-queue] {"queuedWork":[],"queueLength":0,"runningWork":["/ezpage-127d9/us-central1/api/repositories-2025-06-19T03:45:30.592Z"],"workRunningCount":1}
[debug] [2025-06-19T03:45:30.592Z] Accepted request OPTIONS /ezpage-127d9/us-central1/api/repositories --> us-central1-api
[debug] [2025-06-19T03:45:30.593Z] [functions] Runtime ready! Sending request! {"metadata":{"emulator":{"name":"functions"},"message":"[functions] Runtime ready! Sending request!"}}
[debug] [2025-06-19T03:45:30.593Z] [functions] Got req.url=/ezpage-127d9/us-central1/api/repositories, mapping to path=/repositories {"metadata":{"emulator":{"name":"functions"},"message":"[functions] Got req.url=/ezpage-127d9/us-central1/api/repositories, mapping to path=/repositories"}}
[debug] [2025-06-19T03:45:30.593Z] [worker-pool] submitRequest(triggerId=us-central1-api) {"metadata":{"emulator":{"name":"functions"},"message":"[worker-pool] submitRequest(triggerId=us-central1-api)"}}
[info] i  functions: Beginning execution of "us-central1-api" {"metadata":{"emulator":{"name":"functions"},"function":{"name":"us-central1-api"},"extension":{},"message":"Beginning execution of \"us-central1-api\""}}
[debug] [2025-06-19T03:45:30.594Z] [worker-us-central1-api-e4a587de-2c42-4e04-b7e0-326232dd613c]: BUSY {"metadata":{"emulator":{"name":"functions"},"function":{"name":"us-central1-api"},"extension":{},"message":"[worker-us-central1-api-e4a587de-2c42-4e04-b7e0-326232dd613c]: BUSY"}}
[debug] [2025-06-19T03:45:30.596Z] Finishing up request with event=pause {"metadata":{"emulator":{"name":"functions"},"function":{"name":"us-central1-api"},"extension":{},"message":"Finishing up request with event=pause"}}
[info] i  functions: Finished "us-central1-api" in 2.361667ms {"metadata":{"emulator":{"name":"functions"},"function":{"name":"us-central1-api"},"extension":{},"message":"Finished \"us-central1-api\" in 2.361667ms"}}
[debug] [2025-06-19T03:45:30.596Z] [worker-us-central1-api-e4a587de-2c42-4e04-b7e0-326232dd613c]: IDLE {"metadata":{"emulator":{"name":"functions"},"function":{"name":"us-central1-api"},"extension":{},"message":"[worker-us-central1-api-e4a587de-2c42-4e04-b7e0-326232dd613c]: IDLE"}}
[debug] [2025-06-19T03:45:30.596Z] Finishing up request with event=finish {"metadata":{"emulator":{"name":"functions"},"function":{"name":"us-central1-api"},"extension":{},"message":"Finishing up request with event=finish"}}
[debug] [2025-06-19T03:45:30.597Z] Finishing up request with event=close {"metadata":{"emulator":{"name":"functions"},"function":{"name":"us-central1-api"},"extension":{},"message":"Finishing up request with event=close"}}
[debug] [2025-06-19T03:45:30.597Z] [work-queue] {"queuedWork":[],"queueLength":0,"runningWork":[],"workRunningCount":0}
[debug] [2025-06-19T03:45:30.598Z] [work-queue] {"queuedWork":["/ezpage-127d9/us-central1/api/repositories-2025-06-19T03:45:30.598Z"],"queueLength":1,"runningWork":[],"workRunningCount":0}
[debug] [2025-06-19T03:45:30.599Z] [work-queue] {"queuedWork":[],"queueLength":0,"runningWork":["/ezpage-127d9/us-central1/api/repositories-2025-06-19T03:45:30.598Z"],"workRunningCount":1}
[debug] [2025-06-19T03:45:30.599Z] Accepted request GET /ezpage-127d9/us-central1/api/repositories --> us-central1-api
[debug] [2025-06-19T03:45:30.599Z] [functions] Runtime ready! Sending request! {"metadata":{"emulator":{"name":"functions"},"message":"[functions] Runtime ready! Sending request!"}}
[debug] [2025-06-19T03:45:30.599Z] [functions] Got req.url=/ezpage-127d9/us-central1/api/repositories, mapping to path=/repositories {"metadata":{"emulator":{"name":"functions"},"message":"[functions] Got req.url=/ezpage-127d9/us-central1/api/repositories, mapping to path=/repositories"}}
[debug] [2025-06-19T03:45:30.600Z] [worker-pool] submitRequest(triggerId=us-central1-api) {"metadata":{"emulator":{"name":"functions"},"message":"[worker-pool] submitRequest(triggerId=us-central1-api)"}}
[info] i  functions: Beginning execution of "us-central1-api" {"metadata":{"emulator":{"name":"functions"},"function":{"name":"us-central1-api"},"extension":{},"message":"Beginning execution of \"us-central1-api\""}}
[debug] [2025-06-19T03:45:30.600Z] [worker-us-central1-api-e4a587de-2c42-4e04-b7e0-326232dd613c]: BUSY {"metadata":{"emulator":{"name":"functions"},"function":{"name":"us-central1-api"},"extension":{},"message":"[worker-us-central1-api-e4a587de-2c42-4e04-b7e0-326232dd613c]: BUSY"}}
[info] >  開始獲取用戶的 GitHub repositories... {"user":"開始獲取用戶的 GitHub repositories...","metadata":{"emulator":{"name":"functions"},"function":{"name":"us-central1-api"},"extension":{},"message":"\u001b[90m> \u001b[39m 開始獲取用戶的 GitHub repositories..."}}
[info] >  Token: 存在 {"user":"Token: 存在","metadata":{"emulator":{"name":"functions"},"function":{"name":"us-central1-api"},"extension":{},"message":"\u001b[90m> \u001b[39m Token: 存在"}}
[info] >  獲取到 repositories 數量: 2 {"user":"獲取到 repositories 數量: 2","metadata":{"emulator":{"name":"functions"},"function":{"name":"us-central1-api"},"extension":{},"message":"\u001b[90m> \u001b[39m 獲取到 repositories 數量: 2"}}
[info] >  最終回傳資料: 2 個 repositories {"user":"最終回傳資料: 2 個 repositories","metadata":{"emulator":{"name":"functions"},"function":{"name":"us-central1-api"},"extension":{},"message":"\u001b[90m> \u001b[39m 最終回傳資料: 2 個 repositories"}}
[debug] [2025-06-19T03:45:30.906Z] Finishing up request with event=pause {"metadata":{"emulator":{"name":"functions"},"function":{"name":"us-central1-api"},"extension":{},"message":"Finishing up request with event=pause"}}
[info] i  functions: Finished "us-central1-api" in 306.56025ms {"metadata":{"emulator":{"name":"functions"},"function":{"name":"us-central1-api"},"extension":{},"message":"Finished \"us-central1-api\" in 306.56025ms"}}
[debug] [2025-06-19T03:45:30.907Z] [worker-us-central1-api-e4a587de-2c42-4e04-b7e0-326232dd613c]: IDLE {"metadata":{"emulator":{"name":"functions"},"function":{"name":"us-central1-api"},"extension":{},"message":"[worker-us-central1-api-e4a587de-2c42-4e04-b7e0-326232dd613c]: IDLE"}}
[debug] [2025-06-19T03:45:30.907Z] Finishing up request with event=finish {"metadata":{"emulator":{"name":"functions"},"function":{"name":"us-central1-api"},"extension":{},"message":"Finishing up request with event=finish"}}
[debug] [2025-06-19T03:45:30.907Z] Finishing up request with event=close {"metadata":{"emulator":{"name":"functions"},"function":{"name":"us-central1-api"},"extension":{},"message":"Finishing up request with event=close"}}
[debug] [2025-06-19T03:45:30.907Z] [work-queue] {"queuedWork":[],"queueLength":0,"runningWork":[],"workRunningCount":0}
[debug] [2025-06-19T03:51:41.057Z] [work-queue] {"queuedWork":["/ezpage-127d9/us-central1/api/repositories-2025-06-19T03:51:41.055Z"],"queueLength":1,"runningWork":[],"workRunningCount":0}
[debug] [2025-06-19T03:51:41.059Z] [work-queue] {"queuedWork":[],"queueLength":0,"runningWork":["/ezpage-127d9/us-central1/api/repositories-2025-06-19T03:51:41.055Z"],"workRunningCount":1}
[debug] [2025-06-19T03:51:41.060Z] Accepted request OPTIONS /ezpage-127d9/us-central1/api/repositories --> us-central1-api
[debug] [2025-06-19T03:51:41.064Z] [functions] Runtime ready! Sending request! {"metadata":{"emulator":{"name":"functions"},"message":"[functions] Runtime ready! Sending request!"}}
[debug] [2025-06-19T03:51:41.064Z] [functions] Got req.url=/ezpage-127d9/us-central1/api/repositories, mapping to path=/repositories {"metadata":{"emulator":{"name":"functions"},"message":"[functions] Got req.url=/ezpage-127d9/us-central1/api/repositories, mapping to path=/repositories"}}
[debug] [2025-06-19T03:51:41.064Z] [worker-pool] submitRequest(triggerId=us-central1-api) {"metadata":{"emulator":{"name":"functions"},"message":"[worker-pool] submitRequest(triggerId=us-central1-api)"}}
[info] i  functions: Beginning execution of "us-central1-api" {"metadata":{"emulator":{"name":"functions"},"function":{"name":"us-central1-api"},"extension":{},"message":"Beginning execution of \"us-central1-api\""}}
[debug] [2025-06-19T03:51:41.065Z] [worker-us-central1-api-e4a587de-2c42-4e04-b7e0-326232dd613c]: BUSY {"metadata":{"emulator":{"name":"functions"},"function":{"name":"us-central1-api"},"extension":{},"message":"[worker-us-central1-api-e4a587de-2c42-4e04-b7e0-326232dd613c]: BUSY"}}
[debug] [2025-06-19T03:51:41.076Z] Finishing up request with event=pause {"metadata":{"emulator":{"name":"functions"},"function":{"name":"us-central1-api"},"extension":{},"message":"Finishing up request with event=pause"}}
[info] i  functions: Finished "us-central1-api" in 11.953041ms {"metadata":{"emulator":{"name":"functions"},"function":{"name":"us-central1-api"},"extension":{},"message":"Finished \"us-central1-api\" in 11.953041ms"}}
[debug] [2025-06-19T03:51:41.077Z] [worker-us-central1-api-e4a587de-2c42-4e04-b7e0-326232dd613c]: IDLE {"metadata":{"emulator":{"name":"functions"},"function":{"name":"us-central1-api"},"extension":{},"message":"[worker-us-central1-api-e4a587de-2c42-4e04-b7e0-326232dd613c]: IDLE"}}
[debug] [2025-06-19T03:51:41.077Z] Finishing up request with event=finish {"metadata":{"emulator":{"name":"functions"},"function":{"name":"us-central1-api"},"extension":{},"message":"Finishing up request with event=finish"}}
[debug] [2025-06-19T03:51:41.077Z] Finishing up request with event=close {"metadata":{"emulator":{"name":"functions"},"function":{"name":"us-central1-api"},"extension":{},"message":"Finishing up request with event=close"}}
[debug] [2025-06-19T03:51:41.077Z] [work-queue] {"queuedWork":[],"queueLength":0,"runningWork":[],"workRunningCount":0}
[debug] [2025-06-19T03:51:41.078Z] [work-queue] {"queuedWork":["/ezpage-127d9/us-central1/api/repositories-2025-06-19T03:51:41.078Z"],"queueLength":1,"runningWork":[],"workRunningCount":0}
[debug] [2025-06-19T03:51:41.078Z] [work-queue] {"queuedWork":[],"queueLength":0,"runningWork":["/ezpage-127d9/us-central1/api/repositories-2025-06-19T03:51:41.078Z"],"workRunningCount":1}
[debug] [2025-06-19T03:51:41.078Z] Accepted request GET /ezpage-127d9/us-central1/api/repositories --> us-central1-api
[debug] [2025-06-19T03:51:41.080Z] [functions] Runtime ready! Sending request! {"metadata":{"emulator":{"name":"functions"},"message":"[functions] Runtime ready! Sending request!"}}
[debug] [2025-06-19T03:51:41.080Z] [functions] Got req.url=/ezpage-127d9/us-central1/api/repositories, mapping to path=/repositories {"metadata":{"emulator":{"name":"functions"},"message":"[functions] Got req.url=/ezpage-127d9/us-central1/api/repositories, mapping to path=/repositories"}}
[debug] [2025-06-19T03:51:41.080Z] [worker-pool] submitRequest(triggerId=us-central1-api) {"metadata":{"emulator":{"name":"functions"},"message":"[worker-pool] submitRequest(triggerId=us-central1-api)"}}
[info] i  functions: Beginning execution of "us-central1-api" {"metadata":{"emulator":{"name":"functions"},"function":{"name":"us-central1-api"},"extension":{},"message":"Beginning execution of \"us-central1-api\""}}
[debug] [2025-06-19T03:51:41.080Z] [worker-us-central1-api-e4a587de-2c42-4e04-b7e0-326232dd613c]: BUSY {"metadata":{"emulator":{"name":"functions"},"function":{"name":"us-central1-api"},"extension":{},"message":"[worker-us-central1-api-e4a587de-2c42-4e04-b7e0-326232dd613c]: BUSY"}}
[info] >  開始獲取用戶的 GitHub repositories... {"user":"開始獲取用戶的 GitHub repositories...","metadata":{"emulator":{"name":"functions"},"function":{"name":"us-central1-api"},"extension":{},"message":"\u001b[90m> \u001b[39m 開始獲取用戶的 GitHub repositories..."}}
[info] >  Token: 存在 {"user":"Token: 存在","metadata":{"emulator":{"name":"functions"},"function":{"name":"us-central1-api"},"extension":{},"message":"\u001b[90m> \u001b[39m Token: 存在"}}
[info] >  獲取到 repositories 數量: 2 {"user":"獲取到 repositories 數量: 2","metadata":{"emulator":{"name":"functions"},"function":{"name":"us-central1-api"},"extension":{},"message":"\u001b[90m> \u001b[39m 獲取到 repositories 數量: 2"}}
[info] >  最終回傳資料: 2 個 repositories {"user":"最終回傳資料: 2 個 repositories","metadata":{"emulator":{"name":"functions"},"function":{"name":"us-central1-api"},"extension":{},"message":"\u001b[90m> \u001b[39m 最終回傳資料: 2 個 repositories"}}
[debug] [2025-06-19T03:51:41.487Z] Finishing up request with event=pause {"metadata":{"emulator":{"name":"functions"},"function":{"name":"us-central1-api"},"extension":{},"message":"Finishing up request with event=pause"}}
[info] i  functions: Finished "us-central1-api" in 406.352542ms {"metadata":{"emulator":{"name":"functions"},"function":{"name":"us-central1-api"},"extension":{},"message":"Finished \"us-central1-api\" in 406.352542ms"}}
[debug] [2025-06-19T03:51:41.487Z] [worker-us-central1-api-e4a587de-2c42-4e04-b7e0-326232dd613c]: IDLE {"metadata":{"emulator":{"name":"functions"},"function":{"name":"us-central1-api"},"extension":{},"message":"[worker-us-central1-api-e4a587de-2c42-4e04-b7e0-326232dd613c]: IDLE"}}
[debug] [2025-06-19T03:51:41.487Z] Finishing up request with event=finish {"metadata":{"emulator":{"name":"functions"},"function":{"name":"us-central1-api"},"extension":{},"message":"Finishing up request with event=finish"}}
[debug] [2025-06-19T03:51:41.487Z] Finishing up request with event=close {"metadata":{"emulator":{"name":"functions"},"function":{"name":"us-central1-api"},"extension":{},"message":"Finishing up request with event=close"}}
[debug] [2025-06-19T03:51:41.488Z] [work-queue] {"queuedWork":[],"queueLength":0,"runningWork":[],"workRunningCount":0}
[debug] [2025-06-19T03:51:48.177Z] [work-queue] {"queuedWork":["/ezpage-127d9/us-central1/api/repositories-2025-06-19T03:51:48.177Z"],"queueLength":1,"runningWork":[],"workRunningCount":0}
[debug] [2025-06-19T03:51:48.177Z] [work-queue] {"queuedWork":[],"queueLength":0,"runningWork":["/ezpage-127d9/us-central1/api/repositories-2025-06-19T03:51:48.177Z"],"workRunningCount":1}
[debug] [2025-06-19T03:51:48.177Z] Accepted request OPTIONS /ezpage-127d9/us-central1/api/repositories --> us-central1-api
[debug] [2025-06-19T03:51:48.179Z] [functions] Runtime ready! Sending request! {"metadata":{"emulator":{"name":"functions"},"message":"[functions] Runtime ready! Sending request!"}}
[debug] [2025-06-19T03:51:48.179Z] [functions] Got req.url=/ezpage-127d9/us-central1/api/repositories, mapping to path=/repositories {"metadata":{"emulator":{"name":"functions"},"message":"[functions] Got req.url=/ezpage-127d9/us-central1/api/repositories, mapping to path=/repositories"}}
[debug] [2025-06-19T03:51:48.179Z] [worker-pool] submitRequest(triggerId=us-central1-api) {"metadata":{"emulator":{"name":"functions"},"message":"[worker-pool] submitRequest(triggerId=us-central1-api)"}}
[info] i  functions: Beginning execution of "us-central1-api" {"metadata":{"emulator":{"name":"functions"},"function":{"name":"us-central1-api"},"extension":{},"message":"Beginning execution of \"us-central1-api\""}}
[debug] [2025-06-19T03:51:48.179Z] [worker-us-central1-api-e4a587de-2c42-4e04-b7e0-326232dd613c]: BUSY {"metadata":{"emulator":{"name":"functions"},"function":{"name":"us-central1-api"},"extension":{},"message":"[worker-us-central1-api-e4a587de-2c42-4e04-b7e0-326232dd613c]: BUSY"}}
[debug] [2025-06-19T03:51:48.188Z] Finishing up request with event=pause {"metadata":{"emulator":{"name":"functions"},"function":{"name":"us-central1-api"},"extension":{},"message":"Finishing up request with event=pause"}}
[info] i  functions: Finished "us-central1-api" in 9.995625ms {"metadata":{"emulator":{"name":"functions"},"function":{"name":"us-central1-api"},"extension":{},"message":"Finished \"us-central1-api\" in 9.995625ms"}}
[debug] [2025-06-19T03:51:48.189Z] [worker-us-central1-api-e4a587de-2c42-4e04-b7e0-326232dd613c]: IDLE {"metadata":{"emulator":{"name":"functions"},"function":{"name":"us-central1-api"},"extension":{},"message":"[worker-us-central1-api-e4a587de-2c42-4e04-b7e0-326232dd613c]: IDLE"}}
[debug] [2025-06-19T03:51:48.190Z] Finishing up request with event=finish {"metadata":{"emulator":{"name":"functions"},"function":{"name":"us-central1-api"},"extension":{},"message":"Finishing up request with event=finish"}}
[debug] [2025-06-19T03:51:48.190Z] Finishing up request with event=close {"metadata":{"emulator":{"name":"functions"},"function":{"name":"us-central1-api"},"extension":{},"message":"Finishing up request with event=close"}}
[debug] [2025-06-19T03:51:48.190Z] [work-queue] {"queuedWork":[],"queueLength":0,"runningWork":[],"workRunningCount":0}
[debug] [2025-06-19T03:51:48.192Z] [work-queue] {"queuedWork":["/ezpage-127d9/us-central1/api/repositories-2025-06-19T03:51:48.191Z"],"queueLength":1,"runningWork":[],"workRunningCount":0}
[debug] [2025-06-19T03:51:48.192Z] [work-queue] {"queuedWork":[],"queueLength":0,"runningWork":["/ezpage-127d9/us-central1/api/repositories-2025-06-19T03:51:48.191Z"],"workRunningCount":1}
[debug] [2025-06-19T03:51:48.192Z] Accepted request GET /ezpage-127d9/us-central1/api/repositories --> us-central1-api
[debug] [2025-06-19T03:51:48.195Z] [functions] Runtime ready! Sending request! {"metadata":{"emulator":{"name":"functions"},"message":"[functions] Runtime ready! Sending request!"}}
[debug] [2025-06-19T03:51:48.195Z] [functions] Got req.url=/ezpage-127d9/us-central1/api/repositories, mapping to path=/repositories {"metadata":{"emulator":{"name":"functions"},"message":"[functions] Got req.url=/ezpage-127d9/us-central1/api/repositories, mapping to path=/repositories"}}
[debug] [2025-06-19T03:51:48.197Z] [worker-pool] submitRequest(triggerId=us-central1-api) {"metadata":{"emulator":{"name":"functions"},"message":"[worker-pool] submitRequest(triggerId=us-central1-api)"}}
[info] i  functions: Beginning execution of "us-central1-api" {"metadata":{"emulator":{"name":"functions"},"function":{"name":"us-central1-api"},"extension":{},"message":"Beginning execution of \"us-central1-api\""}}
[debug] [2025-06-19T03:51:48.197Z] [worker-us-central1-api-e4a587de-2c42-4e04-b7e0-326232dd613c]: BUSY {"metadata":{"emulator":{"name":"functions"},"function":{"name":"us-central1-api"},"extension":{},"message":"[worker-us-central1-api-e4a587de-2c42-4e04-b7e0-326232dd613c]: BUSY"}}
[info] >  開始獲取用戶的 GitHub repositories... {"user":"開始獲取用戶的 GitHub repositories...","metadata":{"emulator":{"name":"functions"},"function":{"name":"us-central1-api"},"extension":{},"message":"\u001b[90m> \u001b[39m 開始獲取用戶的 GitHub repositories..."}}
[info] >  Token: 存在 {"user":"Token: 存在","metadata":{"emulator":{"name":"functions"},"function":{"name":"us-central1-api"},"extension":{},"message":"\u001b[90m> \u001b[39m Token: 存在"}}
[info] >  獲取到 repositories 數量: 2 {"user":"獲取到 repositories 數量: 2","metadata":{"emulator":{"name":"functions"},"function":{"name":"us-central1-api"},"extension":{},"message":"\u001b[90m> \u001b[39m 獲取到 repositories 數量: 2"}}
[info] >  最終回傳資料: 2 個 repositories {"user":"最終回傳資料: 2 個 repositories","metadata":{"emulator":{"name":"functions"},"function":{"name":"us-central1-api"},"extension":{},"message":"\u001b[90m> \u001b[39m 最終回傳資料: 2 個 repositories"}}
[debug] [2025-06-19T03:51:48.612Z] Finishing up request with event=pause {"metadata":{"emulator":{"name":"functions"},"function":{"name":"us-central1-api"},"extension":{},"message":"Finishing up request with event=pause"}}
[info] i  functions: Finished "us-central1-api" in 415.438334ms {"metadata":{"emulator":{"name":"functions"},"function":{"name":"us-central1-api"},"extension":{},"message":"Finished \"us-central1-api\" in 415.438334ms"}}
[debug] [2025-06-19T03:51:48.613Z] [worker-us-central1-api-e4a587de-2c42-4e04-b7e0-326232dd613c]: IDLE {"metadata":{"emulator":{"name":"functions"},"function":{"name":"us-central1-api"},"extension":{},"message":"[worker-us-central1-api-e4a587de-2c42-4e04-b7e0-326232dd613c]: IDLE"}}
[debug] [2025-06-19T03:51:48.613Z] Finishing up request with event=finish {"metadata":{"emulator":{"name":"functions"},"function":{"name":"us-central1-api"},"extension":{},"message":"Finishing up request with event=finish"}}
[debug] [2025-06-19T03:51:48.613Z] Finishing up request with event=close {"metadata":{"emulator":{"name":"functions"},"function":{"name":"us-central1-api"},"extension":{},"message":"Finishing up request with event=close"}}
[debug] [2025-06-19T03:51:48.613Z] [work-queue] {"queuedWork":[],"queueLength":0,"runningWork":[],"workRunningCount":0}
[debug] [2025-06-19T03:51:56.877Z] [work-queue] {"queuedWork":["/ezpage-127d9/us-central1/api/repositories-2025-06-19T03:51:56.877Z"],"queueLength":1,"runningWork":[],"workRunningCount":0}
[debug] [2025-06-19T03:51:56.877Z] [work-queue] {"queuedWork":[],"queueLength":0,"runningWork":["/ezpage-127d9/us-central1/api/repositories-2025-06-19T03:51:56.877Z"],"workRunningCount":1}
[debug] [2025-06-19T03:51:56.878Z] Accepted request OPTIONS /ezpage-127d9/us-central1/api/repositories --> us-central1-api
[debug] [2025-06-19T03:51:56.879Z] [functions] Runtime ready! Sending request! {"metadata":{"emulator":{"name":"functions"},"message":"[functions] Runtime ready! Sending request!"}}
[debug] [2025-06-19T03:51:56.879Z] [functions] Got req.url=/ezpage-127d9/us-central1/api/repositories, mapping to path=/repositories {"metadata":{"emulator":{"name":"functions"},"message":"[functions] Got req.url=/ezpage-127d9/us-central1/api/repositories, mapping to path=/repositories"}}
[debug] [2025-06-19T03:51:56.879Z] [worker-pool] submitRequest(triggerId=us-central1-api) {"metadata":{"emulator":{"name":"functions"},"message":"[worker-pool] submitRequest(triggerId=us-central1-api)"}}
[info] i  functions: Beginning execution of "us-central1-api" {"metadata":{"emulator":{"name":"functions"},"function":{"name":"us-central1-api"},"extension":{},"message":"Beginning execution of \"us-central1-api\""}}
[debug] [2025-06-19T03:51:56.879Z] [worker-us-central1-api-e4a587de-2c42-4e04-b7e0-326232dd613c]: BUSY {"metadata":{"emulator":{"name":"functions"},"function":{"name":"us-central1-api"},"extension":{},"message":"[worker-us-central1-api-e4a587de-2c42-4e04-b7e0-326232dd613c]: BUSY"}}
[debug] [2025-06-19T03:51:56.880Z] Finishing up request with event=pause {"metadata":{"emulator":{"name":"functions"},"function":{"name":"us-central1-api"},"extension":{},"message":"Finishing up request with event=pause"}}
[info] i  functions: Finished "us-central1-api" in 1.13275ms {"metadata":{"emulator":{"name":"functions"},"function":{"name":"us-central1-api"},"extension":{},"message":"Finished \"us-central1-api\" in 1.13275ms"}}
[debug] [2025-06-19T03:51:56.881Z] [worker-us-central1-api-e4a587de-2c42-4e04-b7e0-326232dd613c]: IDLE {"metadata":{"emulator":{"name":"functions"},"function":{"name":"us-central1-api"},"extension":{},"message":"[worker-us-central1-api-e4a587de-2c42-4e04-b7e0-326232dd613c]: IDLE"}}
[debug] [2025-06-19T03:51:56.881Z] Finishing up request with event=finish {"metadata":{"emulator":{"name":"functions"},"function":{"name":"us-central1-api"},"extension":{},"message":"Finishing up request with event=finish"}}
[debug] [2025-06-19T03:51:56.881Z] Finishing up request with event=close {"metadata":{"emulator":{"name":"functions"},"function":{"name":"us-central1-api"},"extension":{},"message":"Finishing up request with event=close"}}
[debug] [2025-06-19T03:51:56.881Z] [work-queue] {"queuedWork":[],"queueLength":0,"runningWork":[],"workRunningCount":0}
[debug] [2025-06-19T03:51:56.882Z] [work-queue] {"queuedWork":["/ezpage-127d9/us-central1/api/repositories-2025-06-19T03:51:56.882Z"],"queueLength":1,"runningWork":[],"workRunningCount":0}
[debug] [2025-06-19T03:51:56.882Z] [work-queue] {"queuedWork":[],"queueLength":0,"runningWork":["/ezpage-127d9/us-central1/api/repositories-2025-06-19T03:51:56.882Z"],"workRunningCount":1}
[debug] [2025-06-19T03:51:56.882Z] Accepted request GET /ezpage-127d9/us-central1/api/repositories --> us-central1-api
[debug] [2025-06-19T03:51:56.884Z] [functions] Runtime ready! Sending request! {"metadata":{"emulator":{"name":"functions"},"message":"[functions] Runtime ready! Sending request!"}}
[debug] [2025-06-19T03:51:56.884Z] [functions] Got req.url=/ezpage-127d9/us-central1/api/repositories, mapping to path=/repositories {"metadata":{"emulator":{"name":"functions"},"message":"[functions] Got req.url=/ezpage-127d9/us-central1/api/repositories, mapping to path=/repositories"}}
[debug] [2025-06-19T03:51:56.884Z] [worker-pool] submitRequest(triggerId=us-central1-api) {"metadata":{"emulator":{"name":"functions"},"message":"[worker-pool] submitRequest(triggerId=us-central1-api)"}}
[info] i  functions: Beginning execution of "us-central1-api" {"metadata":{"emulator":{"name":"functions"},"function":{"name":"us-central1-api"},"extension":{},"message":"Beginning execution of \"us-central1-api\""}}
[debug] [2025-06-19T03:51:56.885Z] [worker-us-central1-api-e4a587de-2c42-4e04-b7e0-326232dd613c]: BUSY {"metadata":{"emulator":{"name":"functions"},"function":{"name":"us-central1-api"},"extension":{},"message":"[worker-us-central1-api-e4a587de-2c42-4e04-b7e0-326232dd613c]: BUSY"}}
[info] >  開始獲取用戶的 GitHub repositories... {"user":"開始獲取用戶的 GitHub repositories...","metadata":{"emulator":{"name":"functions"},"function":{"name":"us-central1-api"},"extension":{},"message":"\u001b[90m> \u001b[39m 開始獲取用戶的 GitHub repositories..."}}
[info] >  Token: 存在 {"user":"Token: 存在","metadata":{"emulator":{"name":"functions"},"function":{"name":"us-central1-api"},"extension":{},"message":"\u001b[90m> \u001b[39m Token: 存在"}}
[info] >  獲取到 repositories 數量: 2 {"user":"獲取到 repositories 數量: 2","metadata":{"emulator":{"name":"functions"},"function":{"name":"us-central1-api"},"extension":{},"message":"\u001b[90m> \u001b[39m 獲取到 repositories 數量: 2"}}
[info] >  最終回傳資料: 2 個 repositories {"user":"最終回傳資料: 2 個 repositories","metadata":{"emulator":{"name":"functions"},"function":{"name":"us-central1-api"},"extension":{},"message":"\u001b[90m> \u001b[39m 最終回傳資料: 2 個 repositories"}}
[debug] [2025-06-19T03:51:57.260Z] Finishing up request with event=pause {"metadata":{"emulator":{"name":"functions"},"function":{"name":"us-central1-api"},"extension":{},"message":"Finishing up request with event=pause"}}
[info] i  functions: Finished "us-central1-api" in 375.43525ms {"metadata":{"emulator":{"name":"functions"},"function":{"name":"us-central1-api"},"extension":{},"message":"Finished \"us-central1-api\" in 375.43525ms"}}
[debug] [2025-06-19T03:51:57.260Z] [worker-us-central1-api-e4a587de-2c42-4e04-b7e0-326232dd613c]: IDLE {"metadata":{"emulator":{"name":"functions"},"function":{"name":"us-central1-api"},"extension":{},"message":"[worker-us-central1-api-e4a587de-2c42-4e04-b7e0-326232dd613c]: IDLE"}}
[debug] [2025-06-19T03:51:57.260Z] Finishing up request with event=finish {"metadata":{"emulator":{"name":"functions"},"function":{"name":"us-central1-api"},"extension":{},"message":"Finishing up request with event=finish"}}
[debug] [2025-06-19T03:51:57.260Z] Finishing up request with event=close {"metadata":{"emulator":{"name":"functions"},"function":{"name":"us-central1-api"},"extension":{},"message":"Finishing up request with event=close"}}
[debug] [2025-06-19T03:51:57.260Z] [work-queue] {"queuedWork":[],"queueLength":0,"runningWork":[],"workRunningCount":0}
[debug] [2025-06-19T03:59:52.384Z] [work-queue] {"queuedWork":["/ezpage-127d9/us-central1/api/repositories-2025-06-19T03:59:52.384Z"],"queueLength":1,"runningWork":[],"workRunningCount":0}
[debug] [2025-06-19T03:59:52.384Z] [work-queue] {"queuedWork":[],"queueLength":0,"runningWork":["/ezpage-127d9/us-central1/api/repositories-2025-06-19T03:59:52.384Z"],"workRunningCount":1}
[debug] [2025-06-19T03:59:52.384Z] Accepted request OPTIONS /ezpage-127d9/us-central1/api/repositories --> us-central1-api
[debug] [2025-06-19T03:59:52.386Z] [functions] Runtime ready! Sending request! {"metadata":{"emulator":{"name":"functions"},"message":"[functions] Runtime ready! Sending request!"}}
[debug] [2025-06-19T03:59:52.386Z] [functions] Got req.url=/ezpage-127d9/us-central1/api/repositories, mapping to path=/repositories {"metadata":{"emulator":{"name":"functions"},"message":"[functions] Got req.url=/ezpage-127d9/us-central1/api/repositories, mapping to path=/repositories"}}
[debug] [2025-06-19T03:59:52.386Z] [worker-pool] submitRequest(triggerId=us-central1-api) {"metadata":{"emulator":{"name":"functions"},"message":"[worker-pool] submitRequest(triggerId=us-central1-api)"}}
[info] i  functions: Beginning execution of "us-central1-api" {"metadata":{"emulator":{"name":"functions"},"function":{"name":"us-central1-api"},"extension":{},"message":"Beginning execution of \"us-central1-api\""}}
[debug] [2025-06-19T03:59:52.387Z] [worker-us-central1-api-e4a587de-2c42-4e04-b7e0-326232dd613c]: BUSY {"metadata":{"emulator":{"name":"functions"},"function":{"name":"us-central1-api"},"extension":{},"message":"[worker-us-central1-api-e4a587de-2c42-4e04-b7e0-326232dd613c]: BUSY"}}
[debug] [2025-06-19T03:59:52.391Z] Finishing up request with event=pause {"metadata":{"emulator":{"name":"functions"},"function":{"name":"us-central1-api"},"extension":{},"message":"Finishing up request with event=pause"}}
[info] i  functions: Finished "us-central1-api" in 4.431791ms {"metadata":{"emulator":{"name":"functions"},"function":{"name":"us-central1-api"},"extension":{},"message":"Finished \"us-central1-api\" in 4.431791ms"}}
[debug] [2025-06-19T03:59:52.392Z] [worker-us-central1-api-e4a587de-2c42-4e04-b7e0-326232dd613c]: IDLE {"metadata":{"emulator":{"name":"functions"},"function":{"name":"us-central1-api"},"extension":{},"message":"[worker-us-central1-api-e4a587de-2c42-4e04-b7e0-326232dd613c]: IDLE"}}
[debug] [2025-06-19T03:59:52.392Z] Finishing up request with event=finish {"metadata":{"emulator":{"name":"functions"},"function":{"name":"us-central1-api"},"extension":{},"message":"Finishing up request with event=finish"}}
[debug] [2025-06-19T03:59:52.392Z] Finishing up request with event=close {"metadata":{"emulator":{"name":"functions"},"function":{"name":"us-central1-api"},"extension":{},"message":"Finishing up request with event=close"}}
[debug] [2025-06-19T03:59:52.392Z] [work-queue] {"queuedWork":[],"queueLength":0,"runningWork":[],"workRunningCount":0}
[debug] [2025-06-19T03:59:52.393Z] [work-queue] {"queuedWork":["/ezpage-127d9/us-central1/api/repositories-2025-06-19T03:59:52.393Z"],"queueLength":1,"runningWork":[],"workRunningCount":0}
[debug] [2025-06-19T03:59:52.393Z] [work-queue] {"queuedWork":[],"queueLength":0,"runningWork":["/ezpage-127d9/us-central1/api/repositories-2025-06-19T03:59:52.393Z"],"workRunningCount":1}
[debug] [2025-06-19T03:59:52.393Z] Accepted request GET /ezpage-127d9/us-central1/api/repositories --> us-central1-api
[debug] [2025-06-19T03:59:52.395Z] [functions] Runtime ready! Sending request! {"metadata":{"emulator":{"name":"functions"},"message":"[functions] Runtime ready! Sending request!"}}
[debug] [2025-06-19T03:59:52.395Z] [functions] Got req.url=/ezpage-127d9/us-central1/api/repositories, mapping to path=/repositories {"metadata":{"emulator":{"name":"functions"},"message":"[functions] Got req.url=/ezpage-127d9/us-central1/api/repositories, mapping to path=/repositories"}}
[debug] [2025-06-19T03:59:52.395Z] [worker-pool] submitRequest(triggerId=us-central1-api) {"metadata":{"emulator":{"name":"functions"},"message":"[worker-pool] submitRequest(triggerId=us-central1-api)"}}
[info] i  functions: Beginning execution of "us-central1-api" {"metadata":{"emulator":{"name":"functions"},"function":{"name":"us-central1-api"},"extension":{},"message":"Beginning execution of \"us-central1-api\""}}
[debug] [2025-06-19T03:59:52.395Z] [worker-us-central1-api-e4a587de-2c42-4e04-b7e0-326232dd613c]: BUSY {"metadata":{"emulator":{"name":"functions"},"function":{"name":"us-central1-api"},"extension":{},"message":"[worker-us-central1-api-e4a587de-2c42-4e04-b7e0-326232dd613c]: BUSY"}}
[info] >  開始獲取用戶的 GitHub repositories... {"user":"開始獲取用戶的 GitHub repositories...","metadata":{"emulator":{"name":"functions"},"function":{"name":"us-central1-api"},"extension":{},"message":"\u001b[90m> \u001b[39m 開始獲取用戶的 GitHub repositories..."}}
[info] >  Token: 存在 {"user":"Token: 存在","metadata":{"emulator":{"name":"functions"},"function":{"name":"us-central1-api"},"extension":{},"message":"\u001b[90m> \u001b[39m Token: 存在"}}
[info] >  獲取到 repositories 數量: 2 {"user":"獲取到 repositories 數量: 2","metadata":{"emulator":{"name":"functions"},"function":{"name":"us-central1-api"},"extension":{},"message":"\u001b[90m> \u001b[39m 獲取到 repositories 數量: 2"}}
[info] >  最終回傳資料: 2 個 repositories {"user":"最終回傳資料: 2 個 repositories","metadata":{"emulator":{"name":"functions"},"function":{"name":"us-central1-api"},"extension":{},"message":"\u001b[90m> \u001b[39m 最終回傳資料: 2 個 repositories"}}
[debug] [2025-06-19T03:59:52.901Z] Finishing up request with event=pause {"metadata":{"emulator":{"name":"functions"},"function":{"name":"us-central1-api"},"extension":{},"message":"Finishing up request with event=pause"}}
[info] i  functions: Finished "us-central1-api" in 506.087292ms {"metadata":{"emulator":{"name":"functions"},"function":{"name":"us-central1-api"},"extension":{},"message":"Finished \"us-central1-api\" in 506.087292ms"}}
[debug] [2025-06-19T03:59:52.902Z] [worker-us-central1-api-e4a587de-2c42-4e04-b7e0-326232dd613c]: IDLE {"metadata":{"emulator":{"name":"functions"},"function":{"name":"us-central1-api"},"extension":{},"message":"[worker-us-central1-api-e4a587de-2c42-4e04-b7e0-326232dd613c]: IDLE"}}
[debug] [2025-06-19T03:59:52.902Z] Finishing up request with event=finish {"metadata":{"emulator":{"name":"functions"},"function":{"name":"us-central1-api"},"extension":{},"message":"Finishing up request with event=finish"}}
[debug] [2025-06-19T03:59:52.902Z] Finishing up request with event=close {"metadata":{"emulator":{"name":"functions"},"function":{"name":"us-central1-api"},"extension":{},"message":"Finishing up request with event=close"}}
[debug] [2025-06-19T03:59:52.902Z] [work-queue] {"queuedWork":[],"queueLength":0,"runningWork":[],"workRunningCount":0}
[debug] [2025-06-19T03:59:58.979Z] [work-queue] {"queuedWork":["/ezpage-127d9/us-central1/api/repositories-2025-06-19T03:59:58.979Z"],"queueLength":1,"runningWork":[],"workRunningCount":0}
[debug] [2025-06-19T03:59:58.979Z] [work-queue] {"queuedWork":[],"queueLength":0,"runningWork":["/ezpage-127d9/us-central1/api/repositories-2025-06-19T03:59:58.979Z"],"workRunningCount":1}
[debug] [2025-06-19T03:59:58.979Z] Accepted request OPTIONS /ezpage-127d9/us-central1/api/repositories --> us-central1-api
[debug] [2025-06-19T03:59:58.982Z] [functions] Runtime ready! Sending request! {"metadata":{"emulator":{"name":"functions"},"message":"[functions] Runtime ready! Sending request!"}}
[debug] [2025-06-19T03:59:58.984Z] [functions] Got req.url=/ezpage-127d9/us-central1/api/repositories, mapping to path=/repositories {"metadata":{"emulator":{"name":"functions"},"message":"[functions] Got req.url=/ezpage-127d9/us-central1/api/repositories, mapping to path=/repositories"}}
[debug] [2025-06-19T03:59:58.984Z] [worker-pool] submitRequest(triggerId=us-central1-api) {"metadata":{"emulator":{"name":"functions"},"message":"[worker-pool] submitRequest(triggerId=us-central1-api)"}}
[info] i  functions: Beginning execution of "us-central1-api" {"metadata":{"emulator":{"name":"functions"},"function":{"name":"us-central1-api"},"extension":{},"message":"Beginning execution of \"us-central1-api\""}}
[debug] [2025-06-19T03:59:58.985Z] [worker-us-central1-api-e4a587de-2c42-4e04-b7e0-326232dd613c]: BUSY {"metadata":{"emulator":{"name":"functions"},"function":{"name":"us-central1-api"},"extension":{},"message":"[worker-us-central1-api-e4a587de-2c42-4e04-b7e0-326232dd613c]: BUSY"}}
[debug] [2025-06-19T03:59:58.987Z] Finishing up request with event=pause {"metadata":{"emulator":{"name":"functions"},"function":{"name":"us-central1-api"},"extension":{},"message":"Finishing up request with event=pause"}}
[info] i  functions: Finished "us-central1-api" in 2.226083ms {"metadata":{"emulator":{"name":"functions"},"function":{"name":"us-central1-api"},"extension":{},"message":"Finished \"us-central1-api\" in 2.226083ms"}}
[debug] [2025-06-19T03:59:58.988Z] [worker-us-central1-api-e4a587de-2c42-4e04-b7e0-326232dd613c]: IDLE {"metadata":{"emulator":{"name":"functions"},"function":{"name":"us-central1-api"},"extension":{},"message":"[worker-us-central1-api-e4a587de-2c42-4e04-b7e0-326232dd613c]: IDLE"}}
[debug] [2025-06-19T03:59:58.988Z] Finishing up request with event=finish {"metadata":{"emulator":{"name":"functions"},"function":{"name":"us-central1-api"},"extension":{},"message":"Finishing up request with event=finish"}}
[debug] [2025-06-19T03:59:58.988Z] Finishing up request with event=close {"metadata":{"emulator":{"name":"functions"},"function":{"name":"us-central1-api"},"extension":{},"message":"Finishing up request with event=close"}}
[debug] [2025-06-19T03:59:58.988Z] [work-queue] {"queuedWork":[],"queueLength":0,"runningWork":[],"workRunningCount":0}
[debug] [2025-06-19T03:59:59.000Z] [work-queue] {"queuedWork":["/ezpage-127d9/us-central1/api/repositories-2025-06-19T03:59:59.000Z"],"queueLength":1,"runningWork":[],"workRunningCount":0}
[debug] [2025-06-19T03:59:59.002Z] [work-queue] {"queuedWork":[],"queueLength":0,"runningWork":["/ezpage-127d9/us-central1/api/repositories-2025-06-19T03:59:59.000Z"],"workRunningCount":1}
[debug] [2025-06-19T03:59:59.002Z] Accepted request GET /ezpage-127d9/us-central1/api/repositories --> us-central1-api
[debug] [2025-06-19T03:59:59.004Z] [functions] Runtime ready! Sending request! {"metadata":{"emulator":{"name":"functions"},"message":"[functions] Runtime ready! Sending request!"}}
[debug] [2025-06-19T03:59:59.004Z] [functions] Got req.url=/ezpage-127d9/us-central1/api/repositories, mapping to path=/repositories {"metadata":{"emulator":{"name":"functions"},"message":"[functions] Got req.url=/ezpage-127d9/us-central1/api/repositories, mapping to path=/repositories"}}
[debug] [2025-06-19T03:59:59.004Z] [worker-pool] submitRequest(triggerId=us-central1-api) {"metadata":{"emulator":{"name":"functions"},"message":"[worker-pool] submitRequest(triggerId=us-central1-api)"}}
[info] i  functions: Beginning execution of "us-central1-api" {"metadata":{"emulator":{"name":"functions"},"function":{"name":"us-central1-api"},"extension":{},"message":"Beginning execution of \"us-central1-api\""}}
[debug] [2025-06-19T03:59:59.005Z] [worker-us-central1-api-e4a587de-2c42-4e04-b7e0-326232dd613c]: BUSY {"metadata":{"emulator":{"name":"functions"},"function":{"name":"us-central1-api"},"extension":{},"message":"[worker-us-central1-api-e4a587de-2c42-4e04-b7e0-326232dd613c]: BUSY"}}
[info] >  開始獲取用戶的 GitHub repositories... {"user":"開始獲取用戶的 GitHub repositories...","metadata":{"emulator":{"name":"functions"},"function":{"name":"us-central1-api"},"extension":{},"message":"\u001b[90m> \u001b[39m 開始獲取用戶的 GitHub repositories..."}}
[info] >  Token: 存在 {"user":"Token: 存在","metadata":{"emulator":{"name":"functions"},"function":{"name":"us-central1-api"},"extension":{},"message":"\u001b[90m> \u001b[39m Token: 存在"}}
[info] >  獲取到 repositories 數量: 2 {"user":"獲取到 repositories 數量: 2","metadata":{"emulator":{"name":"functions"},"function":{"name":"us-central1-api"},"extension":{},"message":"\u001b[90m> \u001b[39m 獲取到 repositories 數量: 2"}}
[info] >  最終回傳資料: 2 個 repositories {"user":"最終回傳資料: 2 個 repositories","metadata":{"emulator":{"name":"functions"},"function":{"name":"us-central1-api"},"extension":{},"message":"\u001b[90m> \u001b[39m 最終回傳資料: 2 個 repositories"}}
[debug] [2025-06-19T03:59:59.394Z] Finishing up request with event=pause {"metadata":{"emulator":{"name":"functions"},"function":{"name":"us-central1-api"},"extension":{},"message":"Finishing up request with event=pause"}}
[info] i  functions: Finished "us-central1-api" in 389.930167ms {"metadata":{"emulator":{"name":"functions"},"function":{"name":"us-central1-api"},"extension":{},"message":"Finished \"us-central1-api\" in 389.930167ms"}}
[debug] [2025-06-19T03:59:59.395Z] [worker-us-central1-api-e4a587de-2c42-4e04-b7e0-326232dd613c]: IDLE {"metadata":{"emulator":{"name":"functions"},"function":{"name":"us-central1-api"},"extension":{},"message":"[worker-us-central1-api-e4a587de-2c42-4e04-b7e0-326232dd613c]: IDLE"}}
[debug] [2025-06-19T03:59:59.400Z] Finishing up request with event=finish {"metadata":{"emulator":{"name":"functions"},"function":{"name":"us-central1-api"},"extension":{},"message":"Finishing up request with event=finish"}}
[debug] [2025-06-19T03:59:59.400Z] Finishing up request with event=close {"metadata":{"emulator":{"name":"functions"},"function":{"name":"us-central1-api"},"extension":{},"message":"Finishing up request with event=close"}}
[debug] [2025-06-19T03:59:59.401Z] [work-queue] {"queuedWork":[],"queueLength":0,"runningWork":[],"workRunningCount":0}
[debug] [2025-06-19T04:01:15.491Z] [work-queue] {"queuedWork":["/ezpage-127d9/us-central1/api/repositories-2025-06-19T04:01:15.491Z"],"queueLength":1,"runningWork":[],"workRunningCount":0}
[debug] [2025-06-19T04:01:15.492Z] [work-queue] {"queuedWork":[],"queueLength":0,"runningWork":["/ezpage-127d9/us-central1/api/repositories-2025-06-19T04:01:15.491Z"],"workRunningCount":1}
[debug] [2025-06-19T04:01:15.492Z] Accepted request OPTIONS /ezpage-127d9/us-central1/api/repositories --> us-central1-api
[debug] [2025-06-19T04:01:15.504Z] [functions] Runtime ready! Sending request! {"metadata":{"emulator":{"name":"functions"},"message":"[functions] Runtime ready! Sending request!"}}
[debug] [2025-06-19T04:01:15.504Z] [functions] Got req.url=/ezpage-127d9/us-central1/api/repositories, mapping to path=/repositories {"metadata":{"emulator":{"name":"functions"},"message":"[functions] Got req.url=/ezpage-127d9/us-central1/api/repositories, mapping to path=/repositories"}}
[debug] [2025-06-19T04:01:15.504Z] [worker-pool] submitRequest(triggerId=us-central1-api) {"metadata":{"emulator":{"name":"functions"},"message":"[worker-pool] submitRequest(triggerId=us-central1-api)"}}
[info] i  functions: Beginning execution of "us-central1-api" {"metadata":{"emulator":{"name":"functions"},"function":{"name":"us-central1-api"},"extension":{},"message":"Beginning execution of \"us-central1-api\""}}
[debug] [2025-06-19T04:01:15.504Z] [worker-us-central1-api-e4a587de-2c42-4e04-b7e0-326232dd613c]: BUSY {"metadata":{"emulator":{"name":"functions"},"function":{"name":"us-central1-api"},"extension":{},"message":"[worker-us-central1-api-e4a587de-2c42-4e04-b7e0-326232dd613c]: BUSY"}}
[debug] [2025-06-19T04:01:15.507Z] Finishing up request with event=pause {"metadata":{"emulator":{"name":"functions"},"function":{"name":"us-central1-api"},"extension":{},"message":"Finishing up request with event=pause"}}
[info] i  functions: Finished "us-central1-api" in 3.231916ms {"metadata":{"emulator":{"name":"functions"},"function":{"name":"us-central1-api"},"extension":{},"message":"Finished \"us-central1-api\" in 3.231916ms"}}
[debug] [2025-06-19T04:01:15.508Z] [worker-us-central1-api-e4a587de-2c42-4e04-b7e0-326232dd613c]: IDLE {"metadata":{"emulator":{"name":"functions"},"function":{"name":"us-central1-api"},"extension":{},"message":"[worker-us-central1-api-e4a587de-2c42-4e04-b7e0-326232dd613c]: IDLE"}}
[debug] [2025-06-19T04:01:15.508Z] Finishing up request with event=finish {"metadata":{"emulator":{"name":"functions"},"function":{"name":"us-central1-api"},"extension":{},"message":"Finishing up request with event=finish"}}
[debug] [2025-06-19T04:01:15.508Z] Finishing up request with event=close {"metadata":{"emulator":{"name":"functions"},"function":{"name":"us-central1-api"},"extension":{},"message":"Finishing up request with event=close"}}
[debug] [2025-06-19T04:01:15.508Z] [work-queue] {"queuedWork":[],"queueLength":0,"runningWork":[],"workRunningCount":0}
[debug] [2025-06-19T04:01:15.510Z] [work-queue] {"queuedWork":["/ezpage-127d9/us-central1/api/repositories-2025-06-19T04:01:15.510Z"],"queueLength":1,"runningWork":[],"workRunningCount":0}
[debug] [2025-06-19T04:01:15.510Z] [work-queue] {"queuedWork":[],"queueLength":0,"runningWork":["/ezpage-127d9/us-central1/api/repositories-2025-06-19T04:01:15.510Z"],"workRunningCount":1}
[debug] [2025-06-19T04:01:15.510Z] Accepted request GET /ezpage-127d9/us-central1/api/repositories --> us-central1-api
[debug] [2025-06-19T04:01:15.511Z] [functions] Runtime ready! Sending request! {"metadata":{"emulator":{"name":"functions"},"message":"[functions] Runtime ready! Sending request!"}}
[debug] [2025-06-19T04:01:15.511Z] [functions] Got req.url=/ezpage-127d9/us-central1/api/repositories, mapping to path=/repositories {"metadata":{"emulator":{"name":"functions"},"message":"[functions] Got req.url=/ezpage-127d9/us-central1/api/repositories, mapping to path=/repositories"}}
[debug] [2025-06-19T04:01:15.511Z] [worker-pool] submitRequest(triggerId=us-central1-api) {"metadata":{"emulator":{"name":"functions"},"message":"[worker-pool] submitRequest(triggerId=us-central1-api)"}}
[info] i  functions: Beginning execution of "us-central1-api" {"metadata":{"emulator":{"name":"functions"},"function":{"name":"us-central1-api"},"extension":{},"message":"Beginning execution of \"us-central1-api\""}}
[debug] [2025-06-19T04:01:15.511Z] [worker-us-central1-api-e4a587de-2c42-4e04-b7e0-326232dd613c]: BUSY {"metadata":{"emulator":{"name":"functions"},"function":{"name":"us-central1-api"},"extension":{},"message":"[worker-us-central1-api-e4a587de-2c42-4e04-b7e0-326232dd613c]: BUSY"}}
[info] >  開始獲取用戶的 GitHub repositories... {"user":"開始獲取用戶的 GitHub repositories...","metadata":{"emulator":{"name":"functions"},"function":{"name":"us-central1-api"},"extension":{},"message":"\u001b[90m> \u001b[39m 開始獲取用戶的 GitHub repositories..."}}
[info] >  Token: 存在 {"user":"Token: 存在","metadata":{"emulator":{"name":"functions"},"function":{"name":"us-central1-api"},"extension":{},"message":"\u001b[90m> \u001b[39m Token: 存在"}}
[info] >  獲取到 repositories 數量: 2 {"user":"獲取到 repositories 數量: 2","metadata":{"emulator":{"name":"functions"},"function":{"name":"us-central1-api"},"extension":{},"message":"\u001b[90m> \u001b[39m 獲取到 repositories 數量: 2"}}
[info] >  最終回傳資料: 2 個 repositories {"user":"最終回傳資料: 2 個 repositories","metadata":{"emulator":{"name":"functions"},"function":{"name":"us-central1-api"},"extension":{},"message":"\u001b[90m> \u001b[39m 最終回傳資料: 2 個 repositories"}}
[debug] [2025-06-19T04:01:15.963Z] Finishing up request with event=pause {"metadata":{"emulator":{"name":"functions"},"function":{"name":"us-central1-api"},"extension":{},"message":"Finishing up request with event=pause"}}
[info] i  functions: Finished "us-central1-api" in 454.833375ms {"metadata":{"emulator":{"name":"functions"},"function":{"name":"us-central1-api"},"extension":{},"message":"Finished \"us-central1-api\" in 454.833375ms"}}
[debug] [2025-06-19T04:01:15.966Z] [worker-us-central1-api-e4a587de-2c42-4e04-b7e0-326232dd613c]: IDLE {"metadata":{"emulator":{"name":"functions"},"function":{"name":"us-central1-api"},"extension":{},"message":"[worker-us-central1-api-e4a587de-2c42-4e04-b7e0-326232dd613c]: IDLE"}}
[debug] [2025-06-19T04:01:15.966Z] Finishing up request with event=finish {"metadata":{"emulator":{"name":"functions"},"function":{"name":"us-central1-api"},"extension":{},"message":"Finishing up request with event=finish"}}
[debug] [2025-06-19T04:01:15.967Z] Finishing up request with event=close {"metadata":{"emulator":{"name":"functions"},"function":{"name":"us-central1-api"},"extension":{},"message":"Finishing up request with event=close"}}
[debug] [2025-06-19T04:01:15.967Z] [work-queue] {"queuedWork":[],"queueLength":0,"runningWork":[],"workRunningCount":0}
[debug] [2025-06-19T04:02:36.704Z] [work-queue] {"queuedWork":["/ezpage-127d9/us-central1/api/repositories-2025-06-19T04:02:36.704Z"],"queueLength":1,"runningWork":[],"workRunningCount":0}
[debug] [2025-06-19T04:02:36.704Z] [work-queue] {"queuedWork":[],"queueLength":0,"runningWork":["/ezpage-127d9/us-central1/api/repositories-2025-06-19T04:02:36.704Z"],"workRunningCount":1}
[debug] [2025-06-19T04:02:36.704Z] Accepted request OPTIONS /ezpage-127d9/us-central1/api/repositories --> us-central1-api
[debug] [2025-06-19T04:02:36.707Z] [functions] Runtime ready! Sending request! {"metadata":{"emulator":{"name":"functions"},"message":"[functions] Runtime ready! Sending request!"}}
[debug] [2025-06-19T04:02:36.707Z] [functions] Got req.url=/ezpage-127d9/us-central1/api/repositories, mapping to path=/repositories {"metadata":{"emulator":{"name":"functions"},"message":"[functions] Got req.url=/ezpage-127d9/us-central1/api/repositories, mapping to path=/repositories"}}
[debug] [2025-06-19T04:02:36.708Z] [worker-pool] submitRequest(triggerId=us-central1-api) {"metadata":{"emulator":{"name":"functions"},"message":"[worker-pool] submitRequest(triggerId=us-central1-api)"}}
[info] i  functions: Beginning execution of "us-central1-api" {"metadata":{"emulator":{"name":"functions"},"function":{"name":"us-central1-api"},"extension":{},"message":"Beginning execution of \"us-central1-api\""}}
[debug] [2025-06-19T04:02:36.708Z] [worker-us-central1-api-e4a587de-2c42-4e04-b7e0-326232dd613c]: BUSY {"metadata":{"emulator":{"name":"functions"},"function":{"name":"us-central1-api"},"extension":{},"message":"[worker-us-central1-api-e4a587de-2c42-4e04-b7e0-326232dd613c]: BUSY"}}
[debug] [2025-06-19T04:02:36.715Z] Finishing up request with event=pause {"metadata":{"emulator":{"name":"functions"},"function":{"name":"us-central1-api"},"extension":{},"message":"Finishing up request with event=pause"}}
[info] i  functions: Finished "us-central1-api" in 7.857875ms {"metadata":{"emulator":{"name":"functions"},"function":{"name":"us-central1-api"},"extension":{},"message":"Finished \"us-central1-api\" in 7.857875ms"}}
[debug] [2025-06-19T04:02:36.716Z] [worker-us-central1-api-e4a587de-2c42-4e04-b7e0-326232dd613c]: IDLE {"metadata":{"emulator":{"name":"functions"},"function":{"name":"us-central1-api"},"extension":{},"message":"[worker-us-central1-api-e4a587de-2c42-4e04-b7e0-326232dd613c]: IDLE"}}
[debug] [2025-06-19T04:02:36.716Z] Finishing up request with event=finish {"metadata":{"emulator":{"name":"functions"},"function":{"name":"us-central1-api"},"extension":{},"message":"Finishing up request with event=finish"}}
[debug] [2025-06-19T04:02:36.717Z] Finishing up request with event=close {"metadata":{"emulator":{"name":"functions"},"function":{"name":"us-central1-api"},"extension":{},"message":"Finishing up request with event=close"}}
[debug] [2025-06-19T04:02:36.717Z] [work-queue] {"queuedWork":[],"queueLength":0,"runningWork":[],"workRunningCount":0}
[debug] [2025-06-19T04:02:36.717Z] [work-queue] {"queuedWork":["/ezpage-127d9/us-central1/api/repositories-2025-06-19T04:02:36.717Z"],"queueLength":1,"runningWork":[],"workRunningCount":0}
[debug] [2025-06-19T04:02:36.717Z] [work-queue] {"queuedWork":[],"queueLength":0,"runningWork":["/ezpage-127d9/us-central1/api/repositories-2025-06-19T04:02:36.717Z"],"workRunningCount":1}
[debug] [2025-06-19T04:02:36.717Z] Accepted request GET /ezpage-127d9/us-central1/api/repositories --> us-central1-api
[debug] [2025-06-19T04:02:36.719Z] [functions] Runtime ready! Sending request! {"metadata":{"emulator":{"name":"functions"},"message":"[functions] Runtime ready! Sending request!"}}
[debug] [2025-06-19T04:02:36.719Z] [functions] Got req.url=/ezpage-127d9/us-central1/api/repositories, mapping to path=/repositories {"metadata":{"emulator":{"name":"functions"},"message":"[functions] Got req.url=/ezpage-127d9/us-central1/api/repositories, mapping to path=/repositories"}}
[debug] [2025-06-19T04:02:36.719Z] [worker-pool] submitRequest(triggerId=us-central1-api) {"metadata":{"emulator":{"name":"functions"},"message":"[worker-pool] submitRequest(triggerId=us-central1-api)"}}
[info] i  functions: Beginning execution of "us-central1-api" {"metadata":{"emulator":{"name":"functions"},"function":{"name":"us-central1-api"},"extension":{},"message":"Beginning execution of \"us-central1-api\""}}
[debug] [2025-06-19T04:02:36.719Z] [worker-us-central1-api-e4a587de-2c42-4e04-b7e0-326232dd613c]: BUSY {"metadata":{"emulator":{"name":"functions"},"function":{"name":"us-central1-api"},"extension":{},"message":"[worker-us-central1-api-e4a587de-2c42-4e04-b7e0-326232dd613c]: BUSY"}}
[info] >  開始獲取用戶的 GitHub repositories... {"user":"開始獲取用戶的 GitHub repositories...","metadata":{"emulator":{"name":"functions"},"function":{"name":"us-central1-api"},"extension":{},"message":"\u001b[90m> \u001b[39m 開始獲取用戶的 GitHub repositories..."}}
[info] >  Token: 存在 {"user":"Token: 存在","metadata":{"emulator":{"name":"functions"},"function":{"name":"us-central1-api"},"extension":{},"message":"\u001b[90m> \u001b[39m Token: 存在"}}
[info] >  獲取到 repositories 數量: 2 {"user":"獲取到 repositories 數量: 2","metadata":{"emulator":{"name":"functions"},"function":{"name":"us-central1-api"},"extension":{},"message":"\u001b[90m> \u001b[39m 獲取到 repositories 數量: 2"}}
[info] >  最終回傳資料: 2 個 repositories {"user":"最終回傳資料: 2 個 repositories","metadata":{"emulator":{"name":"functions"},"function":{"name":"us-central1-api"},"extension":{},"message":"\u001b[90m> \u001b[39m 最終回傳資料: 2 個 repositories"}}
[debug] [2025-06-19T04:02:37.153Z] Finishing up request with event=pause {"metadata":{"emulator":{"name":"functions"},"function":{"name":"us-central1-api"},"extension":{},"message":"Finishing up request with event=pause"}}
[info] i  functions: Finished "us-central1-api" in 434.743042ms {"metadata":{"emulator":{"name":"functions"},"function":{"name":"us-central1-api"},"extension":{},"message":"Finished \"us-central1-api\" in 434.743042ms"}}
[debug] [2025-06-19T04:02:37.154Z] [worker-us-central1-api-e4a587de-2c42-4e04-b7e0-326232dd613c]: IDLE {"metadata":{"emulator":{"name":"functions"},"function":{"name":"us-central1-api"},"extension":{},"message":"[worker-us-central1-api-e4a587de-2c42-4e04-b7e0-326232dd613c]: IDLE"}}
[debug] [2025-06-19T04:02:37.155Z] Finishing up request with event=finish {"metadata":{"emulator":{"name":"functions"},"function":{"name":"us-central1-api"},"extension":{},"message":"Finishing up request with event=finish"}}
[debug] [2025-06-19T04:02:37.155Z] Finishing up request with event=close {"metadata":{"emulator":{"name":"functions"},"function":{"name":"us-central1-api"},"extension":{},"message":"Finishing up request with event=close"}}
[debug] [2025-06-19T04:02:37.158Z] [work-queue] {"queuedWork":[],"queueLength":0,"runningWork":[],"workRunningCount":0}
[debug] [2025-06-19T04:03:42.854Z] [work-queue] {"queuedWork":["/ezpage-127d9/us-central1/api/repositories-2025-06-19T04:03:42.854Z"],"queueLength":1,"runningWork":[],"workRunningCount":0}
[debug] [2025-06-19T04:03:42.855Z] [work-queue] {"queuedWork":[],"queueLength":0,"runningWork":["/ezpage-127d9/us-central1/api/repositories-2025-06-19T04:03:42.854Z"],"workRunningCount":1}
[debug] [2025-06-19T04:03:42.855Z] Accepted request OPTIONS /ezpage-127d9/us-central1/api/repositories --> us-central1-api
[debug] [2025-06-19T04:03:42.860Z] [functions] Runtime ready! Sending request! {"metadata":{"emulator":{"name":"functions"},"message":"[functions] Runtime ready! Sending request!"}}
[debug] [2025-06-19T04:03:42.860Z] [functions] Got req.url=/ezpage-127d9/us-central1/api/repositories, mapping to path=/repositories {"metadata":{"emulator":{"name":"functions"},"message":"[functions] Got req.url=/ezpage-127d9/us-central1/api/repositories, mapping to path=/repositories"}}
[debug] [2025-06-19T04:03:42.860Z] [worker-pool] submitRequest(triggerId=us-central1-api) {"metadata":{"emulator":{"name":"functions"},"message":"[worker-pool] submitRequest(triggerId=us-central1-api)"}}
[info] i  functions: Beginning execution of "us-central1-api" {"metadata":{"emulator":{"name":"functions"},"function":{"name":"us-central1-api"},"extension":{},"message":"Beginning execution of \"us-central1-api\""}}
[debug] [2025-06-19T04:03:42.860Z] [worker-us-central1-api-e4a587de-2c42-4e04-b7e0-326232dd613c]: BUSY {"metadata":{"emulator":{"name":"functions"},"function":{"name":"us-central1-api"},"extension":{},"message":"[worker-us-central1-api-e4a587de-2c42-4e04-b7e0-326232dd613c]: BUSY"}}
[debug] [2025-06-19T04:03:42.862Z] Finishing up request with event=pause {"metadata":{"emulator":{"name":"functions"},"function":{"name":"us-central1-api"},"extension":{},"message":"Finishing up request with event=pause"}}
[info] i  functions: Finished "us-central1-api" in 1.763875ms {"metadata":{"emulator":{"name":"functions"},"function":{"name":"us-central1-api"},"extension":{},"message":"Finished \"us-central1-api\" in 1.763875ms"}}
[debug] [2025-06-19T04:03:42.862Z] [worker-us-central1-api-e4a587de-2c42-4e04-b7e0-326232dd613c]: IDLE {"metadata":{"emulator":{"name":"functions"},"function":{"name":"us-central1-api"},"extension":{},"message":"[worker-us-central1-api-e4a587de-2c42-4e04-b7e0-326232dd613c]: IDLE"}}
[debug] [2025-06-19T04:03:42.862Z] Finishing up request with event=finish {"metadata":{"emulator":{"name":"functions"},"function":{"name":"us-central1-api"},"extension":{},"message":"Finishing up request with event=finish"}}
[debug] [2025-06-19T04:03:42.862Z] Finishing up request with event=close {"metadata":{"emulator":{"name":"functions"},"function":{"name":"us-central1-api"},"extension":{},"message":"Finishing up request with event=close"}}
[debug] [2025-06-19T04:03:42.863Z] [work-queue] {"queuedWork":[],"queueLength":0,"runningWork":[],"workRunningCount":0}
[debug] [2025-06-19T04:03:42.863Z] [work-queue] {"queuedWork":["/ezpage-127d9/us-central1/api/repositories-2025-06-19T04:03:42.863Z"],"queueLength":1,"runningWork":[],"workRunningCount":0}
[debug] [2025-06-19T04:03:42.863Z] [work-queue] {"queuedWork":[],"queueLength":0,"runningWork":["/ezpage-127d9/us-central1/api/repositories-2025-06-19T04:03:42.863Z"],"workRunningCount":1}
[debug] [2025-06-19T04:03:42.863Z] Accepted request GET /ezpage-127d9/us-central1/api/repositories --> us-central1-api
[debug] [2025-06-19T04:03:42.865Z] [functions] Runtime ready! Sending request! {"metadata":{"emulator":{"name":"functions"},"message":"[functions] Runtime ready! Sending request!"}}
[debug] [2025-06-19T04:03:42.865Z] [functions] Got req.url=/ezpage-127d9/us-central1/api/repositories, mapping to path=/repositories {"metadata":{"emulator":{"name":"functions"},"message":"[functions] Got req.url=/ezpage-127d9/us-central1/api/repositories, mapping to path=/repositories"}}
[debug] [2025-06-19T04:03:42.865Z] [worker-pool] submitRequest(triggerId=us-central1-api) {"metadata":{"emulator":{"name":"functions"},"message":"[worker-pool] submitRequest(triggerId=us-central1-api)"}}
[info] i  functions: Beginning execution of "us-central1-api" {"metadata":{"emulator":{"name":"functions"},"function":{"name":"us-central1-api"},"extension":{},"message":"Beginning execution of \"us-central1-api\""}}
[debug] [2025-06-19T04:03:42.866Z] [worker-us-central1-api-e4a587de-2c42-4e04-b7e0-326232dd613c]: BUSY {"metadata":{"emulator":{"name":"functions"},"function":{"name":"us-central1-api"},"extension":{},"message":"[worker-us-central1-api-e4a587de-2c42-4e04-b7e0-326232dd613c]: BUSY"}}
[info] >  開始獲取用戶的 GitHub repositories... {"user":"開始獲取用戶的 GitHub repositories...","metadata":{"emulator":{"name":"functions"},"function":{"name":"us-central1-api"},"extension":{},"message":"\u001b[90m> \u001b[39m 開始獲取用戶的 GitHub repositories..."}}
[info] >  Token: 存在 {"user":"Token: 存在","metadata":{"emulator":{"name":"functions"},"function":{"name":"us-central1-api"},"extension":{},"message":"\u001b[90m> \u001b[39m Token: 存在"}}
[info] >  獲取到 repositories 數量: 2 {"user":"獲取到 repositories 數量: 2","metadata":{"emulator":{"name":"functions"},"function":{"name":"us-central1-api"},"extension":{},"message":"\u001b[90m> \u001b[39m 獲取到 repositories 數量: 2"}}
[info] >  最終回傳資料: 2 個 repositories {"user":"最終回傳資料: 2 個 repositories","metadata":{"emulator":{"name":"functions"},"function":{"name":"us-central1-api"},"extension":{},"message":"\u001b[90m> \u001b[39m 最終回傳資料: 2 個 repositories"}}
[debug] [2025-06-19T04:03:43.290Z] Finishing up request with event=pause {"metadata":{"emulator":{"name":"functions"},"function":{"name":"us-central1-api"},"extension":{},"message":"Finishing up request with event=pause"}}
[info] i  functions: Finished "us-central1-api" in 424.3685ms {"metadata":{"emulator":{"name":"functions"},"function":{"name":"us-central1-api"},"extension":{},"message":"Finished \"us-central1-api\" in 424.3685ms"}}
[debug] [2025-06-19T04:03:43.290Z] [worker-us-central1-api-e4a587de-2c42-4e04-b7e0-326232dd613c]: IDLE {"metadata":{"emulator":{"name":"functions"},"function":{"name":"us-central1-api"},"extension":{},"message":"[worker-us-central1-api-e4a587de-2c42-4e04-b7e0-326232dd613c]: IDLE"}}
[debug] [2025-06-19T04:03:43.290Z] Finishing up request with event=finish {"metadata":{"emulator":{"name":"functions"},"function":{"name":"us-central1-api"},"extension":{},"message":"Finishing up request with event=finish"}}
[debug] [2025-06-19T04:03:43.290Z] Finishing up request with event=close {"metadata":{"emulator":{"name":"functions"},"function":{"name":"us-central1-api"},"extension":{},"message":"Finishing up request with event=close"}}
[debug] [2025-06-19T04:03:43.290Z] [work-queue] {"queuedWork":[],"queueLength":0,"runningWork":[],"workRunningCount":0}
[debug] [2025-06-19T04:03:44.816Z] [work-queue] {"queuedWork":["/ezpage-127d9/us-central1/api/repositories-2025-06-19T04:03:44.816Z"],"queueLength":1,"runningWork":[],"workRunningCount":0}
[debug] [2025-06-19T04:03:44.816Z] [work-queue] {"queuedWork":[],"queueLength":0,"runningWork":["/ezpage-127d9/us-central1/api/repositories-2025-06-19T04:03:44.816Z"],"workRunningCount":1}
[debug] [2025-06-19T04:03:44.816Z] Accepted request GET /ezpage-127d9/us-central1/api/repositories --> us-central1-api
[debug] [2025-06-19T04:03:44.818Z] [functions] Runtime ready! Sending request! {"metadata":{"emulator":{"name":"functions"},"message":"[functions] Runtime ready! Sending request!"}}
[debug] [2025-06-19T04:03:44.819Z] [functions] Got req.url=/ezpage-127d9/us-central1/api/repositories, mapping to path=/repositories {"metadata":{"emulator":{"name":"functions"},"message":"[functions] Got req.url=/ezpage-127d9/us-central1/api/repositories, mapping to path=/repositories"}}
[debug] [2025-06-19T04:03:44.819Z] [worker-pool] submitRequest(triggerId=us-central1-api) {"metadata":{"emulator":{"name":"functions"},"message":"[worker-pool] submitRequest(triggerId=us-central1-api)"}}
[info] i  functions: Beginning execution of "us-central1-api" {"metadata":{"emulator":{"name":"functions"},"function":{"name":"us-central1-api"},"extension":{},"message":"Beginning execution of \"us-central1-api\""}}
[debug] [2025-06-19T04:03:44.820Z] [worker-us-central1-api-e4a587de-2c42-4e04-b7e0-326232dd613c]: BUSY {"metadata":{"emulator":{"name":"functions"},"function":{"name":"us-central1-api"},"extension":{},"message":"[worker-us-central1-api-e4a587de-2c42-4e04-b7e0-326232dd613c]: BUSY"}}
[info] >  開始獲取用戶的 GitHub repositories... {"user":"開始獲取用戶的 GitHub repositories...","metadata":{"emulator":{"name":"functions"},"function":{"name":"us-central1-api"},"extension":{},"message":"\u001b[90m> \u001b[39m 開始獲取用戶的 GitHub repositories..."}}
[info] >  Token: 存在 {"user":"Token: 存在","metadata":{"emulator":{"name":"functions"},"function":{"name":"us-central1-api"},"extension":{},"message":"\u001b[90m> \u001b[39m Token: 存在"}}
[info] >  獲取到 repositories 數量: 2 {"user":"獲取到 repositories 數量: 2","metadata":{"emulator":{"name":"functions"},"function":{"name":"us-central1-api"},"extension":{},"message":"\u001b[90m> \u001b[39m 獲取到 repositories 數量: 2"}}
[info] >  最終回傳資料: 2 個 repositories {"user":"最終回傳資料: 2 個 repositories","metadata":{"emulator":{"name":"functions"},"function":{"name":"us-central1-api"},"extension":{},"message":"\u001b[90m> \u001b[39m 最終回傳資料: 2 個 repositories"}}
[debug] [2025-06-19T04:03:45.119Z] Finishing up request with event=pause {"metadata":{"emulator":{"name":"functions"},"function":{"name":"us-central1-api"},"extension":{},"message":"Finishing up request with event=pause"}}
[info] i  functions: Finished "us-central1-api" in 300.20375ms {"metadata":{"emulator":{"name":"functions"},"function":{"name":"us-central1-api"},"extension":{},"message":"Finished \"us-central1-api\" in 300.20375ms"}}
[debug] [2025-06-19T04:03:45.120Z] [worker-us-central1-api-e4a587de-2c42-4e04-b7e0-326232dd613c]: IDLE {"metadata":{"emulator":{"name":"functions"},"function":{"name":"us-central1-api"},"extension":{},"message":"[worker-us-central1-api-e4a587de-2c42-4e04-b7e0-326232dd613c]: IDLE"}}
[debug] [2025-06-19T04:03:45.120Z] Finishing up request with event=finish {"metadata":{"emulator":{"name":"functions"},"function":{"name":"us-central1-api"},"extension":{},"message":"Finishing up request with event=finish"}}
[debug] [2025-06-19T04:03:45.120Z] Finishing up request with event=close {"metadata":{"emulator":{"name":"functions"},"function":{"name":"us-central1-api"},"extension":{},"message":"Finishing up request with event=close"}}
[debug] [2025-06-19T04:03:45.121Z] [work-queue] {"queuedWork":[],"queueLength":0,"runningWork":[],"workRunningCount":0}
[debug] [2025-06-19T04:03:53.197Z] [work-queue] {"queuedWork":["/ezpage-127d9/us-central1/api/deploy-2025-06-19T04:03:53.197Z"],"queueLength":1,"runningWork":[],"workRunningCount":0}
[debug] [2025-06-19T04:03:53.198Z] [work-queue] {"queuedWork":[],"queueLength":0,"runningWork":["/ezpage-127d9/us-central1/api/deploy-2025-06-19T04:03:53.197Z"],"workRunningCount":1}
[debug] [2025-06-19T04:03:53.198Z] Accepted request OPTIONS /ezpage-127d9/us-central1/api/deploy --> us-central1-api
[debug] [2025-06-19T04:03:53.200Z] [functions] Runtime ready! Sending request! {"metadata":{"emulator":{"name":"functions"},"message":"[functions] Runtime ready! Sending request!"}}
[debug] [2025-06-19T04:03:53.200Z] [functions] Got req.url=/ezpage-127d9/us-central1/api/deploy, mapping to path=/deploy {"metadata":{"emulator":{"name":"functions"},"message":"[functions] Got req.url=/ezpage-127d9/us-central1/api/deploy, mapping to path=/deploy"}}
[debug] [2025-06-19T04:03:53.200Z] [worker-pool] submitRequest(triggerId=us-central1-api) {"metadata":{"emulator":{"name":"functions"},"message":"[worker-pool] submitRequest(triggerId=us-central1-api)"}}
[info] i  functions: Beginning execution of "us-central1-api" {"metadata":{"emulator":{"name":"functions"},"function":{"name":"us-central1-api"},"extension":{},"message":"Beginning execution of \"us-central1-api\""}}
[debug] [2025-06-19T04:03:53.200Z] [worker-us-central1-api-e4a587de-2c42-4e04-b7e0-326232dd613c]: BUSY {"metadata":{"emulator":{"name":"functions"},"function":{"name":"us-central1-api"},"extension":{},"message":"[worker-us-central1-api-e4a587de-2c42-4e04-b7e0-326232dd613c]: BUSY"}}
[debug] [2025-06-19T04:03:53.203Z] Finishing up request with event=pause {"metadata":{"emulator":{"name":"functions"},"function":{"name":"us-central1-api"},"extension":{},"message":"Finishing up request with event=pause"}}
[info] i  functions: Finished "us-central1-api" in 3.434458ms {"metadata":{"emulator":{"name":"functions"},"function":{"name":"us-central1-api"},"extension":{},"message":"Finished \"us-central1-api\" in 3.434458ms"}}
[debug] [2025-06-19T04:03:53.204Z] [worker-us-central1-api-e4a587de-2c42-4e04-b7e0-326232dd613c]: IDLE {"metadata":{"emulator":{"name":"functions"},"function":{"name":"us-central1-api"},"extension":{},"message":"[worker-us-central1-api-e4a587de-2c42-4e04-b7e0-326232dd613c]: IDLE"}}
[debug] [2025-06-19T04:03:53.204Z] Finishing up request with event=finish {"metadata":{"emulator":{"name":"functions"},"function":{"name":"us-central1-api"},"extension":{},"message":"Finishing up request with event=finish"}}
[debug] [2025-06-19T04:03:53.204Z] Finishing up request with event=close {"metadata":{"emulator":{"name":"functions"},"function":{"name":"us-central1-api"},"extension":{},"message":"Finishing up request with event=close"}}
[debug] [2025-06-19T04:03:53.204Z] [work-queue] {"queuedWork":[],"queueLength":0,"runningWork":[],"workRunningCount":0}
[debug] [2025-06-19T04:03:53.205Z] [work-queue] {"queuedWork":["/ezpage-127d9/us-central1/api/deploy-2025-06-19T04:03:53.205Z"],"queueLength":1,"runningWork":[],"workRunningCount":0}
[debug] [2025-06-19T04:03:53.205Z] [work-queue] {"queuedWork":[],"queueLength":0,"runningWork":["/ezpage-127d9/us-central1/api/deploy-2025-06-19T04:03:53.205Z"],"workRunningCount":1}
[debug] [2025-06-19T04:03:53.205Z] Accepted request POST /ezpage-127d9/us-central1/api/deploy --> us-central1-api
[debug] [2025-06-19T04:03:53.209Z] [functions] Runtime ready! Sending request! {"metadata":{"emulator":{"name":"functions"},"message":"[functions] Runtime ready! Sending request!"}}
[debug] [2025-06-19T04:03:53.210Z] [functions] Got req.url=/ezpage-127d9/us-central1/api/deploy, mapping to path=/deploy {"metadata":{"emulator":{"name":"functions"},"message":"[functions] Got req.url=/ezpage-127d9/us-central1/api/deploy, mapping to path=/deploy"}}
[debug] [2025-06-19T04:03:53.210Z] [worker-pool] submitRequest(triggerId=us-central1-api) {"metadata":{"emulator":{"name":"functions"},"message":"[worker-pool] submitRequest(triggerId=us-central1-api)"}}
[info] i  functions: Beginning execution of "us-central1-api" {"metadata":{"emulator":{"name":"functions"},"function":{"name":"us-central1-api"},"extension":{},"message":"Beginning execution of \"us-central1-api\""}}
[debug] [2025-06-19T04:03:53.210Z] [worker-us-central1-api-e4a587de-2c42-4e04-b7e0-326232dd613c]: BUSY {"metadata":{"emulator":{"name":"functions"},"function":{"name":"us-central1-api"},"extension":{},"message":"[worker-us-central1-api-e4a587de-2c42-4e04-b7e0-326232dd613c]: BUSY"}}
[debug] [2025-06-19T04:03:55.218Z] Finishing up request with event=pause {"metadata":{"emulator":{"name":"functions"},"function":{"name":"us-central1-api"},"extension":{},"message":"Finishing up request with event=pause"}}
[info] i  functions: Finished "us-central1-api" in 2007.83675ms {"metadata":{"emulator":{"name":"functions"},"function":{"name":"us-central1-api"},"extension":{},"message":"Finished \"us-central1-api\" in 2007.83675ms"}}
[debug] [2025-06-19T04:03:55.219Z] [worker-us-central1-api-e4a587de-2c42-4e04-b7e0-326232dd613c]: IDLE {"metadata":{"emulator":{"name":"functions"},"function":{"name":"us-central1-api"},"extension":{},"message":"[worker-us-central1-api-e4a587de-2c42-4e04-b7e0-326232dd613c]: IDLE"}}
[debug] [2025-06-19T04:03:55.222Z] Finishing up request with event=finish {"metadata":{"emulator":{"name":"functions"},"function":{"name":"us-central1-api"},"extension":{},"message":"Finishing up request with event=finish"}}
[debug] [2025-06-19T04:03:55.222Z] Finishing up request with event=close {"metadata":{"emulator":{"name":"functions"},"function":{"name":"us-central1-api"},"extension":{},"message":"Finishing up request with event=close"}}
[debug] [2025-06-19T04:03:55.222Z] [work-queue] {"queuedWork":[],"queueLength":0,"runningWork":[],"workRunningCount":0}
[debug] [2025-06-19T04:03:55.229Z] [work-queue] {"queuedWork":["/ezpage-127d9/us-central1/api/repositories-2025-06-19T04:03:55.229Z"],"queueLength":1,"runningWork":[],"workRunningCount":0}
[debug] [2025-06-19T04:03:55.230Z] [work-queue] {"queuedWork":[],"queueLength":0,"runningWork":["/ezpage-127d9/us-central1/api/repositories-2025-06-19T04:03:55.229Z"],"workRunningCount":1}
[debug] [2025-06-19T04:03:55.231Z] Accepted request OPTIONS /ezpage-127d9/us-central1/api/repositories --> us-central1-api
[debug] [2025-06-19T04:03:55.231Z] [functions] Runtime ready! Sending request! {"metadata":{"emulator":{"name":"functions"},"message":"[functions] Runtime ready! Sending request!"}}
[debug] [2025-06-19T04:03:55.232Z] [functions] Got req.url=/ezpage-127d9/us-central1/api/repositories, mapping to path=/repositories {"metadata":{"emulator":{"name":"functions"},"message":"[functions] Got req.url=/ezpage-127d9/us-central1/api/repositories, mapping to path=/repositories"}}
[debug] [2025-06-19T04:03:55.233Z] [worker-pool] submitRequest(triggerId=us-central1-api) {"metadata":{"emulator":{"name":"functions"},"message":"[worker-pool] submitRequest(triggerId=us-central1-api)"}}
[info] i  functions: Beginning execution of "us-central1-api" {"metadata":{"emulator":{"name":"functions"},"function":{"name":"us-central1-api"},"extension":{},"message":"Beginning execution of \"us-central1-api\""}}
[debug] [2025-06-19T04:03:55.234Z] [worker-us-central1-api-e4a587de-2c42-4e04-b7e0-326232dd613c]: BUSY {"metadata":{"emulator":{"name":"functions"},"function":{"name":"us-central1-api"},"extension":{},"message":"[worker-us-central1-api-e4a587de-2c42-4e04-b7e0-326232dd613c]: BUSY"}}
[debug] [2025-06-19T04:03:55.237Z] Finishing up request with event=pause {"metadata":{"emulator":{"name":"functions"},"function":{"name":"us-central1-api"},"extension":{},"message":"Finishing up request with event=pause"}}
[info] i  functions: Finished "us-central1-api" in 3.676834ms {"metadata":{"emulator":{"name":"functions"},"function":{"name":"us-central1-api"},"extension":{},"message":"Finished \"us-central1-api\" in 3.676834ms"}}
[debug] [2025-06-19T04:03:55.238Z] [worker-us-central1-api-e4a587de-2c42-4e04-b7e0-326232dd613c]: IDLE {"metadata":{"emulator":{"name":"functions"},"function":{"name":"us-central1-api"},"extension":{},"message":"[worker-us-central1-api-e4a587de-2c42-4e04-b7e0-326232dd613c]: IDLE"}}
[debug] [2025-06-19T04:03:55.238Z] Finishing up request with event=finish {"metadata":{"emulator":{"name":"functions"},"function":{"name":"us-central1-api"},"extension":{},"message":"Finishing up request with event=finish"}}
[debug] [2025-06-19T04:03:55.238Z] Finishing up request with event=close {"metadata":{"emulator":{"name":"functions"},"function":{"name":"us-central1-api"},"extension":{},"message":"Finishing up request with event=close"}}
[debug] [2025-06-19T04:03:55.238Z] [work-queue] {"queuedWork":[],"queueLength":0,"runningWork":[],"workRunningCount":0}
[debug] [2025-06-19T04:03:55.239Z] [work-queue] {"queuedWork":["/ezpage-127d9/us-central1/api/repositories-2025-06-19T04:03:55.239Z"],"queueLength":1,"runningWork":[],"workRunningCount":0}
[debug] [2025-06-19T04:03:55.239Z] [work-queue] {"queuedWork":[],"queueLength":0,"runningWork":["/ezpage-127d9/us-central1/api/repositories-2025-06-19T04:03:55.239Z"],"workRunningCount":1}
[debug] [2025-06-19T04:03:55.239Z] Accepted request GET /ezpage-127d9/us-central1/api/repositories --> us-central1-api
[debug] [2025-06-19T04:03:55.239Z] [functions] Runtime ready! Sending request! {"metadata":{"emulator":{"name":"functions"},"message":"[functions] Runtime ready! Sending request!"}}
[debug] [2025-06-19T04:03:55.240Z] [functions] Got req.url=/ezpage-127d9/us-central1/api/repositories, mapping to path=/repositories {"metadata":{"emulator":{"name":"functions"},"message":"[functions] Got req.url=/ezpage-127d9/us-central1/api/repositories, mapping to path=/repositories"}}
[debug] [2025-06-19T04:03:55.240Z] [worker-pool] submitRequest(triggerId=us-central1-api) {"metadata":{"emulator":{"name":"functions"},"message":"[worker-pool] submitRequest(triggerId=us-central1-api)"}}
[info] i  functions: Beginning execution of "us-central1-api" {"metadata":{"emulator":{"name":"functions"},"function":{"name":"us-central1-api"},"extension":{},"message":"Beginning execution of \"us-central1-api\""}}
[debug] [2025-06-19T04:03:55.240Z] [worker-us-central1-api-e4a587de-2c42-4e04-b7e0-326232dd613c]: BUSY {"metadata":{"emulator":{"name":"functions"},"function":{"name":"us-central1-api"},"extension":{},"message":"[worker-us-central1-api-e4a587de-2c42-4e04-b7e0-326232dd613c]: BUSY"}}
[info] >  開始獲取用戶的 GitHub repositories... {"user":"開始獲取用戶的 GitHub repositories...","metadata":{"emulator":{"name":"functions"},"function":{"name":"us-central1-api"},"extension":{},"message":"\u001b[90m> \u001b[39m 開始獲取用戶的 GitHub repositories..."}}
[info] >  Token: 存在 {"user":"Token: 存在","metadata":{"emulator":{"name":"functions"},"function":{"name":"us-central1-api"},"extension":{},"message":"\u001b[90m> \u001b[39m Token: 存在"}}
[info] >  獲取到 repositories 數量: 2 {"user":"獲取到 repositories 數量: 2","metadata":{"emulator":{"name":"functions"},"function":{"name":"us-central1-api"},"extension":{},"message":"\u001b[90m> \u001b[39m 獲取到 repositories 數量: 2"}}
[info] >  最終回傳資料: 2 個 repositories {"user":"最終回傳資料: 2 個 repositories","metadata":{"emulator":{"name":"functions"},"function":{"name":"us-central1-api"},"extension":{},"message":"\u001b[90m> \u001b[39m 最終回傳資料: 2 個 repositories"}}
[debug] [2025-06-19T04:03:55.516Z] Finishing up request with event=pause {"metadata":{"emulator":{"name":"functions"},"function":{"name":"us-central1-api"},"extension":{},"message":"Finishing up request with event=pause"}}
[info] i  functions: Finished "us-central1-api" in 276.426042ms {"metadata":{"emulator":{"name":"functions"},"function":{"name":"us-central1-api"},"extension":{},"message":"Finished \"us-central1-api\" in 276.426042ms"}}
[debug] [2025-06-19T04:03:55.516Z] [worker-us-central1-api-e4a587de-2c42-4e04-b7e0-326232dd613c]: IDLE {"metadata":{"emulator":{"name":"functions"},"function":{"name":"us-central1-api"},"extension":{},"message":"[worker-us-central1-api-e4a587de-2c42-4e04-b7e0-326232dd613c]: IDLE"}}
[debug] [2025-06-19T04:03:55.516Z] Finishing up request with event=finish {"metadata":{"emulator":{"name":"functions"},"function":{"name":"us-central1-api"},"extension":{},"message":"Finishing up request with event=finish"}}
[debug] [2025-06-19T04:03:55.516Z] Finishing up request with event=close {"metadata":{"emulator":{"name":"functions"},"function":{"name":"us-central1-api"},"extension":{},"message":"Finishing up request with event=close"}}
[debug] [2025-06-19T04:03:55.517Z] [work-queue] {"queuedWork":[],"queueLength":0,"runningWork":[],"workRunningCount":0}
[debug] [2025-06-19T04:04:20.526Z] [work-queue] {"queuedWork":["/ezpage-127d9/us-central1/api/repositories-2025-06-19T04:04:20.526Z"],"queueLength":1,"runningWork":[],"workRunningCount":0}
[debug] [2025-06-19T04:04:20.526Z] [work-queue] {"queuedWork":[],"queueLength":0,"runningWork":["/ezpage-127d9/us-central1/api/repositories-2025-06-19T04:04:20.526Z"],"workRunningCount":1}
[debug] [2025-06-19T04:04:20.526Z] Accepted request OPTIONS /ezpage-127d9/us-central1/api/repositories --> us-central1-api
[debug] [2025-06-19T04:04:20.528Z] [functions] Runtime ready! Sending request! {"metadata":{"emulator":{"name":"functions"},"message":"[functions] Runtime ready! Sending request!"}}
[debug] [2025-06-19T04:04:20.529Z] [functions] Got req.url=/ezpage-127d9/us-central1/api/repositories, mapping to path=/repositories {"metadata":{"emulator":{"name":"functions"},"message":"[functions] Got req.url=/ezpage-127d9/us-central1/api/repositories, mapping to path=/repositories"}}
[debug] [2025-06-19T04:04:20.529Z] [worker-pool] submitRequest(triggerId=us-central1-api) {"metadata":{"emulator":{"name":"functions"},"message":"[worker-pool] submitRequest(triggerId=us-central1-api)"}}
[info] i  functions: Beginning execution of "us-central1-api" {"metadata":{"emulator":{"name":"functions"},"function":{"name":"us-central1-api"},"extension":{},"message":"Beginning execution of \"us-central1-api\""}}
[debug] [2025-06-19T04:04:20.530Z] [worker-us-central1-api-e4a587de-2c42-4e04-b7e0-326232dd613c]: BUSY {"metadata":{"emulator":{"name":"functions"},"function":{"name":"us-central1-api"},"extension":{},"message":"[worker-us-central1-api-e4a587de-2c42-4e04-b7e0-326232dd613c]: BUSY"}}
[debug] [2025-06-19T04:04:20.533Z] Finishing up request with event=pause {"metadata":{"emulator":{"name":"functions"},"function":{"name":"us-central1-api"},"extension":{},"message":"Finishing up request with event=pause"}}
[info] i  functions: Finished "us-central1-api" in 3.749667ms {"metadata":{"emulator":{"name":"functions"},"function":{"name":"us-central1-api"},"extension":{},"message":"Finished \"us-central1-api\" in 3.749667ms"}}
[debug] [2025-06-19T04:04:20.534Z] [worker-us-central1-api-e4a587de-2c42-4e04-b7e0-326232dd613c]: IDLE {"metadata":{"emulator":{"name":"functions"},"function":{"name":"us-central1-api"},"extension":{},"message":"[worker-us-central1-api-e4a587de-2c42-4e04-b7e0-326232dd613c]: IDLE"}}
[debug] [2025-06-19T04:04:20.534Z] Finishing up request with event=finish {"metadata":{"emulator":{"name":"functions"},"function":{"name":"us-central1-api"},"extension":{},"message":"Finishing up request with event=finish"}}
[debug] [2025-06-19T04:04:20.534Z] Finishing up request with event=close {"metadata":{"emulator":{"name":"functions"},"function":{"name":"us-central1-api"},"extension":{},"message":"Finishing up request with event=close"}}
[debug] [2025-06-19T04:04:20.534Z] [work-queue] {"queuedWork":[],"queueLength":0,"runningWork":[],"workRunningCount":0}
[debug] [2025-06-19T04:04:20.535Z] [work-queue] {"queuedWork":["/ezpage-127d9/us-central1/api/repositories-2025-06-19T04:04:20.535Z"],"queueLength":1,"runningWork":[],"workRunningCount":0}
[debug] [2025-06-19T04:04:20.535Z] [work-queue] {"queuedWork":[],"queueLength":0,"runningWork":["/ezpage-127d9/us-central1/api/repositories-2025-06-19T04:04:20.535Z"],"workRunningCount":1}
[debug] [2025-06-19T04:04:20.535Z] Accepted request GET /ezpage-127d9/us-central1/api/repositories --> us-central1-api
[debug] [2025-06-19T04:04:20.536Z] [functions] Runtime ready! Sending request! {"metadata":{"emulator":{"name":"functions"},"message":"[functions] Runtime ready! Sending request!"}}
[debug] [2025-06-19T04:04:20.536Z] [functions] Got req.url=/ezpage-127d9/us-central1/api/repositories, mapping to path=/repositories {"metadata":{"emulator":{"name":"functions"},"message":"[functions] Got req.url=/ezpage-127d9/us-central1/api/repositories, mapping to path=/repositories"}}
[debug] [2025-06-19T04:04:20.536Z] [worker-pool] submitRequest(triggerId=us-central1-api) {"metadata":{"emulator":{"name":"functions"},"message":"[worker-pool] submitRequest(triggerId=us-central1-api)"}}
[info] i  functions: Beginning execution of "us-central1-api" {"metadata":{"emulator":{"name":"functions"},"function":{"name":"us-central1-api"},"extension":{},"message":"Beginning execution of \"us-central1-api\""}}
[debug] [2025-06-19T04:04:20.536Z] [worker-us-central1-api-e4a587de-2c42-4e04-b7e0-326232dd613c]: BUSY {"metadata":{"emulator":{"name":"functions"},"function":{"name":"us-central1-api"},"extension":{},"message":"[worker-us-central1-api-e4a587de-2c42-4e04-b7e0-326232dd613c]: BUSY"}}
[info] >  開始獲取用戶的 GitHub repositories... {"user":"開始獲取用戶的 GitHub repositories...","metadata":{"emulator":{"name":"functions"},"function":{"name":"us-central1-api"},"extension":{},"message":"\u001b[90m> \u001b[39m 開始獲取用戶的 GitHub repositories..."}}
[info] >  Token: 存在 {"user":"Token: 存在","metadata":{"emulator":{"name":"functions"},"function":{"name":"us-central1-api"},"extension":{},"message":"\u001b[90m> \u001b[39m Token: 存在"}}
[info] >  獲取到 repositories 數量: 2 {"user":"獲取到 repositories 數量: 2","metadata":{"emulator":{"name":"functions"},"function":{"name":"us-central1-api"},"extension":{},"message":"\u001b[90m> \u001b[39m 獲取到 repositories 數量: 2"}}
[info] >  最終回傳資料: 2 個 repositories {"user":"最終回傳資料: 2 個 repositories","metadata":{"emulator":{"name":"functions"},"function":{"name":"us-central1-api"},"extension":{},"message":"\u001b[90m> \u001b[39m 最終回傳資料: 2 個 repositories"}}
[debug] [2025-06-19T04:04:20.952Z] Finishing up request with event=pause {"metadata":{"emulator":{"name":"functions"},"function":{"name":"us-central1-api"},"extension":{},"message":"Finishing up request with event=pause"}}
[info] i  functions: Finished "us-central1-api" in 416.964708ms {"metadata":{"emulator":{"name":"functions"},"function":{"name":"us-central1-api"},"extension":{},"message":"Finished \"us-central1-api\" in 416.964708ms"}}
[debug] [2025-06-19T04:04:20.954Z] [worker-us-central1-api-e4a587de-2c42-4e04-b7e0-326232dd613c]: IDLE {"metadata":{"emulator":{"name":"functions"},"function":{"name":"us-central1-api"},"extension":{},"message":"[worker-us-central1-api-e4a587de-2c42-4e04-b7e0-326232dd613c]: IDLE"}}
[debug] [2025-06-19T04:04:20.954Z] Finishing up request with event=finish {"metadata":{"emulator":{"name":"functions"},"function":{"name":"us-central1-api"},"extension":{},"message":"Finishing up request with event=finish"}}
[debug] [2025-06-19T04:04:20.955Z] Finishing up request with event=close {"metadata":{"emulator":{"name":"functions"},"function":{"name":"us-central1-api"},"extension":{},"message":"Finishing up request with event=close"}}
[debug] [2025-06-19T04:04:20.956Z] [work-queue] {"queuedWork":[],"queueLength":0,"runningWork":[],"workRunningCount":0}
[debug] [2025-06-19T04:04:21.960Z] [work-queue] {"queuedWork":["/ezpage-127d9/us-central1/api/repositories-2025-06-19T04:04:21.960Z"],"queueLength":1,"runningWork":[],"workRunningCount":0}
[debug] [2025-06-19T04:04:21.960Z] [work-queue] {"queuedWork":[],"queueLength":0,"runningWork":["/ezpage-127d9/us-central1/api/repositories-2025-06-19T04:04:21.960Z"],"workRunningCount":1}
[debug] [2025-06-19T04:04:21.960Z] Accepted request GET /ezpage-127d9/us-central1/api/repositories --> us-central1-api
[debug] [2025-06-19T04:04:21.961Z] [functions] Runtime ready! Sending request! {"metadata":{"emulator":{"name":"functions"},"message":"[functions] Runtime ready! Sending request!"}}
[debug] [2025-06-19T04:04:21.961Z] [functions] Got req.url=/ezpage-127d9/us-central1/api/repositories, mapping to path=/repositories {"metadata":{"emulator":{"name":"functions"},"message":"[functions] Got req.url=/ezpage-127d9/us-central1/api/repositories, mapping to path=/repositories"}}
[debug] [2025-06-19T04:04:21.961Z] [worker-pool] submitRequest(triggerId=us-central1-api) {"metadata":{"emulator":{"name":"functions"},"message":"[worker-pool] submitRequest(triggerId=us-central1-api)"}}
[info] i  functions: Beginning execution of "us-central1-api" {"metadata":{"emulator":{"name":"functions"},"function":{"name":"us-central1-api"},"extension":{},"message":"Beginning execution of \"us-central1-api\""}}
[debug] [2025-06-19T04:04:21.961Z] [worker-us-central1-api-e4a587de-2c42-4e04-b7e0-326232dd613c]: BUSY {"metadata":{"emulator":{"name":"functions"},"function":{"name":"us-central1-api"},"extension":{},"message":"[worker-us-central1-api-e4a587de-2c42-4e04-b7e0-326232dd613c]: BUSY"}}
[info] >  開始獲取用戶的 GitHub repositories... {"user":"開始獲取用戶的 GitHub repositories...","metadata":{"emulator":{"name":"functions"},"function":{"name":"us-central1-api"},"extension":{},"message":"\u001b[90m> \u001b[39m 開始獲取用戶的 GitHub repositories..."}}
[info] >  Token: 存在 {"user":"Token: 存在","metadata":{"emulator":{"name":"functions"},"function":{"name":"us-central1-api"},"extension":{},"message":"\u001b[90m> \u001b[39m Token: 存在"}}
[info] >  獲取到 repositories 數量: 2 {"user":"獲取到 repositories 數量: 2","metadata":{"emulator":{"name":"functions"},"function":{"name":"us-central1-api"},"extension":{},"message":"\u001b[90m> \u001b[39m 獲取到 repositories 數量: 2"}}
[info] >  最終回傳資料: 2 個 repositories {"user":"最終回傳資料: 2 個 repositories","metadata":{"emulator":{"name":"functions"},"function":{"name":"us-central1-api"},"extension":{},"message":"\u001b[90m> \u001b[39m 最終回傳資料: 2 個 repositories"}}
[debug] [2025-06-19T04:04:22.259Z] Finishing up request with event=pause {"metadata":{"emulator":{"name":"functions"},"function":{"name":"us-central1-api"},"extension":{},"message":"Finishing up request with event=pause"}}
[info] i  functions: Finished "us-central1-api" in 298.428166ms {"metadata":{"emulator":{"name":"functions"},"function":{"name":"us-central1-api"},"extension":{},"message":"Finished \"us-central1-api\" in 298.428166ms"}}
[debug] [2025-06-19T04:04:22.260Z] [worker-us-central1-api-e4a587de-2c42-4e04-b7e0-326232dd613c]: IDLE {"metadata":{"emulator":{"name":"functions"},"function":{"name":"us-central1-api"},"extension":{},"message":"[worker-us-central1-api-e4a587de-2c42-4e04-b7e0-326232dd613c]: IDLE"}}
[debug] [2025-06-19T04:04:22.260Z] Finishing up request with event=finish {"metadata":{"emulator":{"name":"functions"},"function":{"name":"us-central1-api"},"extension":{},"message":"Finishing up request with event=finish"}}
[debug] [2025-06-19T04:04:22.260Z] Finishing up request with event=close {"metadata":{"emulator":{"name":"functions"},"function":{"name":"us-central1-api"},"extension":{},"message":"Finishing up request with event=close"}}
[debug] [2025-06-19T04:04:22.260Z] [work-queue] {"queuedWork":[],"queueLength":0,"runningWork":[],"workRunningCount":0}
[debug] [2025-06-19T04:04:25.754Z] [work-queue] {"queuedWork":["/ezpage-127d9/us-central1/api/deploy-2025-06-19T04:04:25.754Z"],"queueLength":1,"runningWork":[],"workRunningCount":0}
[debug] [2025-06-19T04:04:25.755Z] [work-queue] {"queuedWork":[],"queueLength":0,"runningWork":["/ezpage-127d9/us-central1/api/deploy-2025-06-19T04:04:25.754Z"],"workRunningCount":1}
[debug] [2025-06-19T04:04:25.755Z] Accepted request OPTIONS /ezpage-127d9/us-central1/api/deploy --> us-central1-api
[debug] [2025-06-19T04:04:25.755Z] [functions] Runtime ready! Sending request! {"metadata":{"emulator":{"name":"functions"},"message":"[functions] Runtime ready! Sending request!"}}
[debug] [2025-06-19T04:04:25.756Z] [functions] Got req.url=/ezpage-127d9/us-central1/api/deploy, mapping to path=/deploy {"metadata":{"emulator":{"name":"functions"},"message":"[functions] Got req.url=/ezpage-127d9/us-central1/api/deploy, mapping to path=/deploy"}}
[debug] [2025-06-19T04:04:25.756Z] [worker-pool] submitRequest(triggerId=us-central1-api) {"metadata":{"emulator":{"name":"functions"},"message":"[worker-pool] submitRequest(triggerId=us-central1-api)"}}
[info] i  functions: Beginning execution of "us-central1-api" {"metadata":{"emulator":{"name":"functions"},"function":{"name":"us-central1-api"},"extension":{},"message":"Beginning execution of \"us-central1-api\""}}
[debug] [2025-06-19T04:04:25.756Z] [worker-us-central1-api-e4a587de-2c42-4e04-b7e0-326232dd613c]: BUSY {"metadata":{"emulator":{"name":"functions"},"function":{"name":"us-central1-api"},"extension":{},"message":"[worker-us-central1-api-e4a587de-2c42-4e04-b7e0-326232dd613c]: BUSY"}}
[debug] [2025-06-19T04:04:25.758Z] Finishing up request with event=pause {"metadata":{"emulator":{"name":"functions"},"function":{"name":"us-central1-api"},"extension":{},"message":"Finishing up request with event=pause"}}
[info] i  functions: Finished "us-central1-api" in 2.158958ms {"metadata":{"emulator":{"name":"functions"},"function":{"name":"us-central1-api"},"extension":{},"message":"Finished \"us-central1-api\" in 2.158958ms"}}
[debug] [2025-06-19T04:04:25.758Z] [worker-us-central1-api-e4a587de-2c42-4e04-b7e0-326232dd613c]: IDLE {"metadata":{"emulator":{"name":"functions"},"function":{"name":"us-central1-api"},"extension":{},"message":"[worker-us-central1-api-e4a587de-2c42-4e04-b7e0-326232dd613c]: IDLE"}}
[debug] [2025-06-19T04:04:25.758Z] Finishing up request with event=finish {"metadata":{"emulator":{"name":"functions"},"function":{"name":"us-central1-api"},"extension":{},"message":"Finishing up request with event=finish"}}
[debug] [2025-06-19T04:04:25.758Z] Finishing up request with event=close {"metadata":{"emulator":{"name":"functions"},"function":{"name":"us-central1-api"},"extension":{},"message":"Finishing up request with event=close"}}
[debug] [2025-06-19T04:04:25.758Z] [work-queue] {"queuedWork":[],"queueLength":0,"runningWork":[],"workRunningCount":0}
[debug] [2025-06-19T04:04:25.759Z] [work-queue] {"queuedWork":["/ezpage-127d9/us-central1/api/deploy-2025-06-19T04:04:25.759Z"],"queueLength":1,"runningWork":[],"workRunningCount":0}
[debug] [2025-06-19T04:04:25.759Z] [work-queue] {"queuedWork":[],"queueLength":0,"runningWork":["/ezpage-127d9/us-central1/api/deploy-2025-06-19T04:04:25.759Z"],"workRunningCount":1}
[debug] [2025-06-19T04:04:25.759Z] Accepted request POST /ezpage-127d9/us-central1/api/deploy --> us-central1-api
[debug] [2025-06-19T04:04:25.762Z] [functions] Runtime ready! Sending request! {"metadata":{"emulator":{"name":"functions"},"message":"[functions] Runtime ready! Sending request!"}}
[debug] [2025-06-19T04:04:25.762Z] [functions] Got req.url=/ezpage-127d9/us-central1/api/deploy, mapping to path=/deploy {"metadata":{"emulator":{"name":"functions"},"message":"[functions] Got req.url=/ezpage-127d9/us-central1/api/deploy, mapping to path=/deploy"}}
[debug] [2025-06-19T04:04:25.762Z] [worker-pool] submitRequest(triggerId=us-central1-api) {"metadata":{"emulator":{"name":"functions"},"message":"[worker-pool] submitRequest(triggerId=us-central1-api)"}}
[info] i  functions: Beginning execution of "us-central1-api" {"metadata":{"emulator":{"name":"functions"},"function":{"name":"us-central1-api"},"extension":{},"message":"Beginning execution of \"us-central1-api\""}}
[debug] [2025-06-19T04:04:25.763Z] [worker-us-central1-api-e4a587de-2c42-4e04-b7e0-326232dd613c]: BUSY {"metadata":{"emulator":{"name":"functions"},"function":{"name":"us-central1-api"},"extension":{},"message":"[worker-us-central1-api-e4a587de-2c42-4e04-b7e0-326232dd613c]: BUSY"}}
[debug] [2025-06-19T04:04:27.715Z] Finishing up request with event=pause {"metadata":{"emulator":{"name":"functions"},"function":{"name":"us-central1-api"},"extension":{},"message":"Finishing up request with event=pause"}}
[info] i  functions: Finished "us-central1-api" in 1952.707375ms {"metadata":{"emulator":{"name":"functions"},"function":{"name":"us-central1-api"},"extension":{},"message":"Finished \"us-central1-api\" in 1952.707375ms"}}
[debug] [2025-06-19T04:04:27.717Z] [worker-us-central1-api-e4a587de-2c42-4e04-b7e0-326232dd613c]: IDLE {"metadata":{"emulator":{"name":"functions"},"function":{"name":"us-central1-api"},"extension":{},"message":"[worker-us-central1-api-e4a587de-2c42-4e04-b7e0-326232dd613c]: IDLE"}}
[debug] [2025-06-19T04:04:27.717Z] Finishing up request with event=finish {"metadata":{"emulator":{"name":"functions"},"function":{"name":"us-central1-api"},"extension":{},"message":"Finishing up request with event=finish"}}
[debug] [2025-06-19T04:04:27.717Z] Finishing up request with event=close {"metadata":{"emulator":{"name":"functions"},"function":{"name":"us-central1-api"},"extension":{},"message":"Finishing up request with event=close"}}
[debug] [2025-06-19T04:04:27.717Z] [work-queue] {"queuedWork":[],"queueLength":0,"runningWork":[],"workRunningCount":0}
[debug] [2025-06-19T04:04:27.718Z] [work-queue] {"queuedWork":["/ezpage-127d9/us-central1/api/repositories-2025-06-19T04:04:27.718Z"],"queueLength":1,"runningWork":[],"workRunningCount":0}
[debug] [2025-06-19T04:04:27.719Z] [work-queue] {"queuedWork":[],"queueLength":0,"runningWork":["/ezpage-127d9/us-central1/api/repositories-2025-06-19T04:04:27.718Z"],"workRunningCount":1}
[debug] [2025-06-19T04:04:27.719Z] Accepted request OPTIONS /ezpage-127d9/us-central1/api/repositories --> us-central1-api
[debug] [2025-06-19T04:04:27.720Z] [functions] Runtime ready! Sending request! {"metadata":{"emulator":{"name":"functions"},"message":"[functions] Runtime ready! Sending request!"}}
[debug] [2025-06-19T04:04:27.720Z] [functions] Got req.url=/ezpage-127d9/us-central1/api/repositories, mapping to path=/repositories {"metadata":{"emulator":{"name":"functions"},"message":"[functions] Got req.url=/ezpage-127d9/us-central1/api/repositories, mapping to path=/repositories"}}
[debug] [2025-06-19T04:04:27.720Z] [worker-pool] submitRequest(triggerId=us-central1-api) {"metadata":{"emulator":{"name":"functions"},"message":"[worker-pool] submitRequest(triggerId=us-central1-api)"}}
[info] i  functions: Beginning execution of "us-central1-api" {"metadata":{"emulator":{"name":"functions"},"function":{"name":"us-central1-api"},"extension":{},"message":"Beginning execution of \"us-central1-api\""}}
[debug] [2025-06-19T04:04:27.720Z] [worker-us-central1-api-e4a587de-2c42-4e04-b7e0-326232dd613c]: BUSY {"metadata":{"emulator":{"name":"functions"},"function":{"name":"us-central1-api"},"extension":{},"message":"[worker-us-central1-api-e4a587de-2c42-4e04-b7e0-326232dd613c]: BUSY"}}
[debug] [2025-06-19T04:04:27.722Z] Finishing up request with event=pause {"metadata":{"emulator":{"name":"functions"},"function":{"name":"us-central1-api"},"extension":{},"message":"Finishing up request with event=pause"}}
[info] i  functions: Finished "us-central1-api" in 2.048834ms {"metadata":{"emulator":{"name":"functions"},"function":{"name":"us-central1-api"},"extension":{},"message":"Finished \"us-central1-api\" in 2.048834ms"}}
[debug] [2025-06-19T04:04:27.722Z] [worker-us-central1-api-e4a587de-2c42-4e04-b7e0-326232dd613c]: IDLE {"metadata":{"emulator":{"name":"functions"},"function":{"name":"us-central1-api"},"extension":{},"message":"[worker-us-central1-api-e4a587de-2c42-4e04-b7e0-326232dd613c]: IDLE"}}
[debug] [2025-06-19T04:04:27.723Z] Finishing up request with event=finish {"metadata":{"emulator":{"name":"functions"},"function":{"name":"us-central1-api"},"extension":{},"message":"Finishing up request with event=finish"}}
[debug] [2025-06-19T04:04:27.723Z] Finishing up request with event=close {"metadata":{"emulator":{"name":"functions"},"function":{"name":"us-central1-api"},"extension":{},"message":"Finishing up request with event=close"}}
[debug] [2025-06-19T04:04:27.723Z] [work-queue] {"queuedWork":[],"queueLength":0,"runningWork":[],"workRunningCount":0}
[debug] [2025-06-19T04:04:27.723Z] [work-queue] {"queuedWork":["/ezpage-127d9/us-central1/api/repositories-2025-06-19T04:04:27.723Z"],"queueLength":1,"runningWork":[],"workRunningCount":0}
[debug] [2025-06-19T04:04:27.723Z] [work-queue] {"queuedWork":[],"queueLength":0,"runningWork":["/ezpage-127d9/us-central1/api/repositories-2025-06-19T04:04:27.723Z"],"workRunningCount":1}
[debug] [2025-06-19T04:04:27.723Z] Accepted request GET /ezpage-127d9/us-central1/api/repositories --> us-central1-api
[debug] [2025-06-19T04:04:27.724Z] [functions] Runtime ready! Sending request! {"metadata":{"emulator":{"name":"functions"},"message":"[functions] Runtime ready! Sending request!"}}
[debug] [2025-06-19T04:04:27.724Z] [functions] Got req.url=/ezpage-127d9/us-central1/api/repositories, mapping to path=/repositories {"metadata":{"emulator":{"name":"functions"},"message":"[functions] Got req.url=/ezpage-127d9/us-central1/api/repositories, mapping to path=/repositories"}}
[debug] [2025-06-19T04:04:27.724Z] [worker-pool] submitRequest(triggerId=us-central1-api) {"metadata":{"emulator":{"name":"functions"},"message":"[worker-pool] submitRequest(triggerId=us-central1-api)"}}
[info] i  functions: Beginning execution of "us-central1-api" {"metadata":{"emulator":{"name":"functions"},"function":{"name":"us-central1-api"},"extension":{},"message":"Beginning execution of \"us-central1-api\""}}
[debug] [2025-06-19T04:04:27.725Z] [worker-us-central1-api-e4a587de-2c42-4e04-b7e0-326232dd613c]: BUSY {"metadata":{"emulator":{"name":"functions"},"function":{"name":"us-central1-api"},"extension":{},"message":"[worker-us-central1-api-e4a587de-2c42-4e04-b7e0-326232dd613c]: BUSY"}}
[info] >  開始獲取用戶的 GitHub repositories... {"user":"開始獲取用戶的 GitHub repositories...","metadata":{"emulator":{"name":"functions"},"function":{"name":"us-central1-api"},"extension":{},"message":"\u001b[90m> \u001b[39m 開始獲取用戶的 GitHub repositories..."}}
[info] >  Token: 存在 {"user":"Token: 存在","metadata":{"emulator":{"name":"functions"},"function":{"name":"us-central1-api"},"extension":{},"message":"\u001b[90m> \u001b[39m Token: 存在"}}
[info] >  獲取到 repositories 數量: 2 {"user":"獲取到 repositories 數量: 2","metadata":{"emulator":{"name":"functions"},"function":{"name":"us-central1-api"},"extension":{},"message":"\u001b[90m> \u001b[39m 獲取到 repositories 數量: 2"}}
[info] >  最終回傳資料: 2 個 repositories {"user":"最終回傳資料: 2 個 repositories","metadata":{"emulator":{"name":"functions"},"function":{"name":"us-central1-api"},"extension":{},"message":"\u001b[90m> \u001b[39m 最終回傳資料: 2 個 repositories"}}
[debug] [2025-06-19T04:04:28.022Z] Finishing up request with event=pause {"metadata":{"emulator":{"name":"functions"},"function":{"name":"us-central1-api"},"extension":{},"message":"Finishing up request with event=pause"}}
[info] i  functions: Finished "us-central1-api" in 297.103875ms {"metadata":{"emulator":{"name":"functions"},"function":{"name":"us-central1-api"},"extension":{},"message":"Finished \"us-central1-api\" in 297.103875ms"}}
[debug] [2025-06-19T04:04:28.022Z] [worker-us-central1-api-e4a587de-2c42-4e04-b7e0-326232dd613c]: IDLE {"metadata":{"emulator":{"name":"functions"},"function":{"name":"us-central1-api"},"extension":{},"message":"[worker-us-central1-api-e4a587de-2c42-4e04-b7e0-326232dd613c]: IDLE"}}
[debug] [2025-06-19T04:04:28.022Z] Finishing up request with event=finish {"metadata":{"emulator":{"name":"functions"},"function":{"name":"us-central1-api"},"extension":{},"message":"Finishing up request with event=finish"}}
[debug] [2025-06-19T04:04:28.022Z] Finishing up request with event=close {"metadata":{"emulator":{"name":"functions"},"function":{"name":"us-central1-api"},"extension":{},"message":"Finishing up request with event=close"}}
[debug] [2025-06-19T04:04:28.022Z] [work-queue] {"queuedWork":[],"queueLength":0,"runningWork":[],"workRunningCount":0}
[debug] [2025-06-19T04:05:03.603Z] [work-queue] {"queuedWork":["/ezpage-127d9/us-central1/api/repositories-2025-06-19T04:05:03.603Z"],"queueLength":1,"runningWork":[],"workRunningCount":0}
[debug] [2025-06-19T04:05:03.603Z] [work-queue] {"queuedWork":[],"queueLength":0,"runningWork":["/ezpage-127d9/us-central1/api/repositories-2025-06-19T04:05:03.603Z"],"workRunningCount":1}
[debug] [2025-06-19T04:05:03.603Z] Accepted request OPTIONS /ezpage-127d9/us-central1/api/repositories --> us-central1-api
[debug] [2025-06-19T04:05:03.605Z] [functions] Runtime ready! Sending request! {"metadata":{"emulator":{"name":"functions"},"message":"[functions] Runtime ready! Sending request!"}}
[debug] [2025-06-19T04:05:03.605Z] [functions] Got req.url=/ezpage-127d9/us-central1/api/repositories, mapping to path=/repositories {"metadata":{"emulator":{"name":"functions"},"message":"[functions] Got req.url=/ezpage-127d9/us-central1/api/repositories, mapping to path=/repositories"}}
[debug] [2025-06-19T04:05:03.605Z] [worker-pool] submitRequest(triggerId=us-central1-api) {"metadata":{"emulator":{"name":"functions"},"message":"[worker-pool] submitRequest(triggerId=us-central1-api)"}}
[info] i  functions: Beginning execution of "us-central1-api" {"metadata":{"emulator":{"name":"functions"},"function":{"name":"us-central1-api"},"extension":{},"message":"Beginning execution of \"us-central1-api\""}}
[debug] [2025-06-19T04:05:03.605Z] [worker-us-central1-api-e4a587de-2c42-4e04-b7e0-326232dd613c]: BUSY {"metadata":{"emulator":{"name":"functions"},"function":{"name":"us-central1-api"},"extension":{},"message":"[worker-us-central1-api-e4a587de-2c42-4e04-b7e0-326232dd613c]: BUSY"}}
[debug] [2025-06-19T04:05:03.606Z] Finishing up request with event=pause {"metadata":{"emulator":{"name":"functions"},"function":{"name":"us-central1-api"},"extension":{},"message":"Finishing up request with event=pause"}}
[info] i  functions: Finished "us-central1-api" in 1.28825ms {"metadata":{"emulator":{"name":"functions"},"function":{"name":"us-central1-api"},"extension":{},"message":"Finished \"us-central1-api\" in 1.28825ms"}}
[debug] [2025-06-19T04:05:03.607Z] [worker-us-central1-api-e4a587de-2c42-4e04-b7e0-326232dd613c]: IDLE {"metadata":{"emulator":{"name":"functions"},"function":{"name":"us-central1-api"},"extension":{},"message":"[worker-us-central1-api-e4a587de-2c42-4e04-b7e0-326232dd613c]: IDLE"}}
[debug] [2025-06-19T04:05:03.607Z] Finishing up request with event=finish {"metadata":{"emulator":{"name":"functions"},"function":{"name":"us-central1-api"},"extension":{},"message":"Finishing up request with event=finish"}}
[debug] [2025-06-19T04:05:03.607Z] Finishing up request with event=close {"metadata":{"emulator":{"name":"functions"},"function":{"name":"us-central1-api"},"extension":{},"message":"Finishing up request with event=close"}}
[debug] [2025-06-19T04:05:03.607Z] [work-queue] {"queuedWork":[],"queueLength":0,"runningWork":[],"workRunningCount":0}
[debug] [2025-06-19T04:05:03.608Z] [work-queue] {"queuedWork":["/ezpage-127d9/us-central1/api/repositories-2025-06-19T04:05:03.608Z"],"queueLength":1,"runningWork":[],"workRunningCount":0}
[debug] [2025-06-19T04:05:03.608Z] [work-queue] {"queuedWork":[],"queueLength":0,"runningWork":["/ezpage-127d9/us-central1/api/repositories-2025-06-19T04:05:03.608Z"],"workRunningCount":1}
[debug] [2025-06-19T04:05:03.608Z] Accepted request GET /ezpage-127d9/us-central1/api/repositories --> us-central1-api
[debug] [2025-06-19T04:05:03.609Z] [functions] Runtime ready! Sending request! {"metadata":{"emulator":{"name":"functions"},"message":"[functions] Runtime ready! Sending request!"}}
[debug] [2025-06-19T04:05:03.609Z] [functions] Got req.url=/ezpage-127d9/us-central1/api/repositories, mapping to path=/repositories {"metadata":{"emulator":{"name":"functions"},"message":"[functions] Got req.url=/ezpage-127d9/us-central1/api/repositories, mapping to path=/repositories"}}
[debug] [2025-06-19T04:05:03.609Z] [worker-pool] submitRequest(triggerId=us-central1-api) {"metadata":{"emulator":{"name":"functions"},"message":"[worker-pool] submitRequest(triggerId=us-central1-api)"}}
[info] i  functions: Beginning execution of "us-central1-api" {"metadata":{"emulator":{"name":"functions"},"function":{"name":"us-central1-api"},"extension":{},"message":"Beginning execution of \"us-central1-api\""}}
[debug] [2025-06-19T04:05:03.609Z] [worker-us-central1-api-e4a587de-2c42-4e04-b7e0-326232dd613c]: BUSY {"metadata":{"emulator":{"name":"functions"},"function":{"name":"us-central1-api"},"extension":{},"message":"[worker-us-central1-api-e4a587de-2c42-4e04-b7e0-326232dd613c]: BUSY"}}
[info] >  開始獲取用戶的 GitHub repositories... {"user":"開始獲取用戶的 GitHub repositories...","metadata":{"emulator":{"name":"functions"},"function":{"name":"us-central1-api"},"extension":{},"message":"\u001b[90m> \u001b[39m 開始獲取用戶的 GitHub repositories..."}}
[info] >  Token: 存在 {"user":"Token: 存在","metadata":{"emulator":{"name":"functions"},"function":{"name":"us-central1-api"},"extension":{},"message":"\u001b[90m> \u001b[39m Token: 存在"}}
[info] >  獲取到 repositories 數量: 2 {"user":"獲取到 repositories 數量: 2","metadata":{"emulator":{"name":"functions"},"function":{"name":"us-central1-api"},"extension":{},"message":"\u001b[90m> \u001b[39m 獲取到 repositories 數量: 2"}}
[info] >  最終回傳資料: 2 個 repositories {"user":"最終回傳資料: 2 個 repositories","metadata":{"emulator":{"name":"functions"},"function":{"name":"us-central1-api"},"extension":{},"message":"\u001b[90m> \u001b[39m 最終回傳資料: 2 個 repositories"}}
[debug] [2025-06-19T04:05:04.028Z] Finishing up request with event=pause {"metadata":{"emulator":{"name":"functions"},"function":{"name":"us-central1-api"},"extension":{},"message":"Finishing up request with event=pause"}}
[info] i  functions: Finished "us-central1-api" in 420.117792ms {"metadata":{"emulator":{"name":"functions"},"function":{"name":"us-central1-api"},"extension":{},"message":"Finished \"us-central1-api\" in 420.117792ms"}}
[debug] [2025-06-19T04:05:04.030Z] [worker-us-central1-api-e4a587de-2c42-4e04-b7e0-326232dd613c]: IDLE {"metadata":{"emulator":{"name":"functions"},"function":{"name":"us-central1-api"},"extension":{},"message":"[worker-us-central1-api-e4a587de-2c42-4e04-b7e0-326232dd613c]: IDLE"}}
[debug] [2025-06-19T04:05:04.030Z] Finishing up request with event=finish {"metadata":{"emulator":{"name":"functions"},"function":{"name":"us-central1-api"},"extension":{},"message":"Finishing up request with event=finish"}}
[debug] [2025-06-19T04:05:04.030Z] Finishing up request with event=close {"metadata":{"emulator":{"name":"functions"},"function":{"name":"us-central1-api"},"extension":{},"message":"Finishing up request with event=close"}}
[debug] [2025-06-19T04:05:04.030Z] [work-queue] {"queuedWork":[],"queueLength":0,"runningWork":[],"workRunningCount":0}
[debug] [2025-06-19T04:05:14.947Z] [work-queue] {"queuedWork":["/ezpage-127d9/us-central1/api/repositories-2025-06-19T04:05:14.947Z"],"queueLength":1,"runningWork":[],"workRunningCount":0}
[debug] [2025-06-19T04:05:14.948Z] [work-queue] {"queuedWork":[],"queueLength":0,"runningWork":["/ezpage-127d9/us-central1/api/repositories-2025-06-19T04:05:14.947Z"],"workRunningCount":1}
[debug] [2025-06-19T04:05:14.948Z] Accepted request OPTIONS /ezpage-127d9/us-central1/api/repositories --> us-central1-api
[debug] [2025-06-19T04:05:14.951Z] [functions] Runtime ready! Sending request! {"metadata":{"emulator":{"name":"functions"},"message":"[functions] Runtime ready! Sending request!"}}
[debug] [2025-06-19T04:05:14.952Z] [functions] Got req.url=/ezpage-127d9/us-central1/api/repositories, mapping to path=/repositories {"metadata":{"emulator":{"name":"functions"},"message":"[functions] Got req.url=/ezpage-127d9/us-central1/api/repositories, mapping to path=/repositories"}}
[debug] [2025-06-19T04:05:14.952Z] [worker-pool] submitRequest(triggerId=us-central1-api) {"metadata":{"emulator":{"name":"functions"},"message":"[worker-pool] submitRequest(triggerId=us-central1-api)"}}
[info] i  functions: Beginning execution of "us-central1-api" {"metadata":{"emulator":{"name":"functions"},"function":{"name":"us-central1-api"},"extension":{},"message":"Beginning execution of \"us-central1-api\""}}
[debug] [2025-06-19T04:05:14.953Z] [worker-us-central1-api-e4a587de-2c42-4e04-b7e0-326232dd613c]: BUSY {"metadata":{"emulator":{"name":"functions"},"function":{"name":"us-central1-api"},"extension":{},"message":"[worker-us-central1-api-e4a587de-2c42-4e04-b7e0-326232dd613c]: BUSY"}}
[debug] [2025-06-19T04:05:14.956Z] Finishing up request with event=pause {"metadata":{"emulator":{"name":"functions"},"function":{"name":"us-central1-api"},"extension":{},"message":"Finishing up request with event=pause"}}
[info] i  functions: Finished "us-central1-api" in 3.997208ms {"metadata":{"emulator":{"name":"functions"},"function":{"name":"us-central1-api"},"extension":{},"message":"Finished \"us-central1-api\" in 3.997208ms"}}
[debug] [2025-06-19T04:05:14.957Z] [worker-us-central1-api-e4a587de-2c42-4e04-b7e0-326232dd613c]: IDLE {"metadata":{"emulator":{"name":"functions"},"function":{"name":"us-central1-api"},"extension":{},"message":"[worker-us-central1-api-e4a587de-2c42-4e04-b7e0-326232dd613c]: IDLE"}}
[debug] [2025-06-19T04:05:14.957Z] Finishing up request with event=finish {"metadata":{"emulator":{"name":"functions"},"function":{"name":"us-central1-api"},"extension":{},"message":"Finishing up request with event=finish"}}
[debug] [2025-06-19T04:05:14.957Z] Finishing up request with event=close {"metadata":{"emulator":{"name":"functions"},"function":{"name":"us-central1-api"},"extension":{},"message":"Finishing up request with event=close"}}
[debug] [2025-06-19T04:05:14.958Z] [work-queue] {"queuedWork":[],"queueLength":0,"runningWork":[],"workRunningCount":0}
[debug] [2025-06-19T04:05:14.958Z] [work-queue] {"queuedWork":["/ezpage-127d9/us-central1/api/repositories-2025-06-19T04:05:14.958Z"],"queueLength":1,"runningWork":[],"workRunningCount":0}
[debug] [2025-06-19T04:05:14.958Z] [work-queue] {"queuedWork":[],"queueLength":0,"runningWork":["/ezpage-127d9/us-central1/api/repositories-2025-06-19T04:05:14.958Z"],"workRunningCount":1}
[debug] [2025-06-19T04:05:14.958Z] Accepted request GET /ezpage-127d9/us-central1/api/repositories --> us-central1-api
[debug] [2025-06-19T04:05:14.961Z] [functions] Runtime ready! Sending request! {"metadata":{"emulator":{"name":"functions"},"message":"[functions] Runtime ready! Sending request!"}}
[debug] [2025-06-19T04:05:14.961Z] [functions] Got req.url=/ezpage-127d9/us-central1/api/repositories, mapping to path=/repositories {"metadata":{"emulator":{"name":"functions"},"message":"[functions] Got req.url=/ezpage-127d9/us-central1/api/repositories, mapping to path=/repositories"}}
[debug] [2025-06-19T04:05:14.961Z] [worker-pool] submitRequest(triggerId=us-central1-api) {"metadata":{"emulator":{"name":"functions"},"message":"[worker-pool] submitRequest(triggerId=us-central1-api)"}}
[info] i  functions: Beginning execution of "us-central1-api" {"metadata":{"emulator":{"name":"functions"},"function":{"name":"us-central1-api"},"extension":{},"message":"Beginning execution of \"us-central1-api\""}}
[debug] [2025-06-19T04:05:14.962Z] [worker-us-central1-api-e4a587de-2c42-4e04-b7e0-326232dd613c]: BUSY {"metadata":{"emulator":{"name":"functions"},"function":{"name":"us-central1-api"},"extension":{},"message":"[worker-us-central1-api-e4a587de-2c42-4e04-b7e0-326232dd613c]: BUSY"}}
[info] >  開始獲取用戶的 GitHub repositories... {"user":"開始獲取用戶的 GitHub repositories...","metadata":{"emulator":{"name":"functions"},"function":{"name":"us-central1-api"},"extension":{},"message":"\u001b[90m> \u001b[39m 開始獲取用戶的 GitHub repositories..."}}
[info] >  Token: 存在 {"user":"Token: 存在","metadata":{"emulator":{"name":"functions"},"function":{"name":"us-central1-api"},"extension":{},"message":"\u001b[90m> \u001b[39m Token: 存在"}}
[info] >  獲取到 repositories 數量: 2 {"user":"獲取到 repositories 數量: 2","metadata":{"emulator":{"name":"functions"},"function":{"name":"us-central1-api"},"extension":{},"message":"\u001b[90m> \u001b[39m 獲取到 repositories 數量: 2"}}
[info] >  最終回傳資料: 2 個 repositories {"user":"最終回傳資料: 2 個 repositories","metadata":{"emulator":{"name":"functions"},"function":{"name":"us-central1-api"},"extension":{},"message":"\u001b[90m> \u001b[39m 最終回傳資料: 2 個 repositories"}}
[debug] [2025-06-19T04:05:15.329Z] Finishing up request with event=pause {"metadata":{"emulator":{"name":"functions"},"function":{"name":"us-central1-api"},"extension":{},"message":"Finishing up request with event=pause"}}
[info] i  functions: Finished "us-central1-api" in 367.068ms {"metadata":{"emulator":{"name":"functions"},"function":{"name":"us-central1-api"},"extension":{},"message":"Finished \"us-central1-api\" in 367.068ms"}}
[debug] [2025-06-19T04:05:15.329Z] [worker-us-central1-api-e4a587de-2c42-4e04-b7e0-326232dd613c]: IDLE {"metadata":{"emulator":{"name":"functions"},"function":{"name":"us-central1-api"},"extension":{},"message":"[worker-us-central1-api-e4a587de-2c42-4e04-b7e0-326232dd613c]: IDLE"}}
[debug] [2025-06-19T04:05:15.329Z] Finishing up request with event=finish {"metadata":{"emulator":{"name":"functions"},"function":{"name":"us-central1-api"},"extension":{},"message":"Finishing up request with event=finish"}}
[debug] [2025-06-19T04:05:15.329Z] Finishing up request with event=close {"metadata":{"emulator":{"name":"functions"},"function":{"name":"us-central1-api"},"extension":{},"message":"Finishing up request with event=close"}}
[debug] [2025-06-19T04:05:15.329Z] [work-queue] {"queuedWork":[],"queueLength":0,"runningWork":[],"workRunningCount":0}
[debug] [2025-06-19T04:05:41.561Z] [work-queue] {"queuedWork":["/ezpage-127d9/us-central1/api/repositories-2025-06-19T04:05:41.561Z"],"queueLength":1,"runningWork":[],"workRunningCount":0}
[debug] [2025-06-19T04:05:41.561Z] [work-queue] {"queuedWork":[],"queueLength":0,"runningWork":["/ezpage-127d9/us-central1/api/repositories-2025-06-19T04:05:41.561Z"],"workRunningCount":1}
[debug] [2025-06-19T04:05:41.561Z] Accepted request OPTIONS /ezpage-127d9/us-central1/api/repositories --> us-central1-api
[debug] [2025-06-19T04:05:41.563Z] [functions] Runtime ready! Sending request! {"metadata":{"emulator":{"name":"functions"},"message":"[functions] Runtime ready! Sending request!"}}
[debug] [2025-06-19T04:05:41.563Z] [functions] Got req.url=/ezpage-127d9/us-central1/api/repositories, mapping to path=/repositories {"metadata":{"emulator":{"name":"functions"},"message":"[functions] Got req.url=/ezpage-127d9/us-central1/api/repositories, mapping to path=/repositories"}}
[debug] [2025-06-19T04:05:41.564Z] [worker-pool] submitRequest(triggerId=us-central1-api) {"metadata":{"emulator":{"name":"functions"},"message":"[worker-pool] submitRequest(triggerId=us-central1-api)"}}
[info] i  functions: Beginning execution of "us-central1-api" {"metadata":{"emulator":{"name":"functions"},"function":{"name":"us-central1-api"},"extension":{},"message":"Beginning execution of \"us-central1-api\""}}
[debug] [2025-06-19T04:05:41.567Z] [worker-us-central1-api-e4a587de-2c42-4e04-b7e0-326232dd613c]: BUSY {"metadata":{"emulator":{"name":"functions"},"function":{"name":"us-central1-api"},"extension":{},"message":"[worker-us-central1-api-e4a587de-2c42-4e04-b7e0-326232dd613c]: BUSY"}}
[debug] [2025-06-19T04:05:41.572Z] Finishing up request with event=pause {"metadata":{"emulator":{"name":"functions"},"function":{"name":"us-central1-api"},"extension":{},"message":"Finishing up request with event=pause"}}
[info] i  functions: Finished "us-central1-api" in 5.884917ms {"metadata":{"emulator":{"name":"functions"},"function":{"name":"us-central1-api"},"extension":{},"message":"Finished \"us-central1-api\" in 5.884917ms"}}
[debug] [2025-06-19T04:05:41.573Z] [worker-us-central1-api-e4a587de-2c42-4e04-b7e0-326232dd613c]: IDLE {"metadata":{"emulator":{"name":"functions"},"function":{"name":"us-central1-api"},"extension":{},"message":"[worker-us-central1-api-e4a587de-2c42-4e04-b7e0-326232dd613c]: IDLE"}}
[debug] [2025-06-19T04:05:41.573Z] Finishing up request with event=finish {"metadata":{"emulator":{"name":"functions"},"function":{"name":"us-central1-api"},"extension":{},"message":"Finishing up request with event=finish"}}
[debug] [2025-06-19T04:05:41.573Z] Finishing up request with event=close {"metadata":{"emulator":{"name":"functions"},"function":{"name":"us-central1-api"},"extension":{},"message":"Finishing up request with event=close"}}
[debug] [2025-06-19T04:05:41.573Z] [work-queue] {"queuedWork":[],"queueLength":0,"runningWork":[],"workRunningCount":0}
[debug] [2025-06-19T04:05:41.574Z] [work-queue] {"queuedWork":["/ezpage-127d9/us-central1/api/repositories-2025-06-19T04:05:41.573Z"],"queueLength":1,"runningWork":[],"workRunningCount":0}
[debug] [2025-06-19T04:05:41.574Z] [work-queue] {"queuedWork":[],"queueLength":0,"runningWork":["/ezpage-127d9/us-central1/api/repositories-2025-06-19T04:05:41.573Z"],"workRunningCount":1}
[debug] [2025-06-19T04:05:41.574Z] Accepted request GET /ezpage-127d9/us-central1/api/repositories --> us-central1-api
[debug] [2025-06-19T04:05:41.577Z] [functions] Runtime ready! Sending request! {"metadata":{"emulator":{"name":"functions"},"message":"[functions] Runtime ready! Sending request!"}}
[debug] [2025-06-19T04:05:41.577Z] [functions] Got req.url=/ezpage-127d9/us-central1/api/repositories, mapping to path=/repositories {"metadata":{"emulator":{"name":"functions"},"message":"[functions] Got req.url=/ezpage-127d9/us-central1/api/repositories, mapping to path=/repositories"}}
[debug] [2025-06-19T04:05:41.578Z] [worker-pool] submitRequest(triggerId=us-central1-api) {"metadata":{"emulator":{"name":"functions"},"message":"[worker-pool] submitRequest(triggerId=us-central1-api)"}}
[info] i  functions: Beginning execution of "us-central1-api" {"metadata":{"emulator":{"name":"functions"},"function":{"name":"us-central1-api"},"extension":{},"message":"Beginning execution of \"us-central1-api\""}}
[debug] [2025-06-19T04:05:41.578Z] [worker-us-central1-api-e4a587de-2c42-4e04-b7e0-326232dd613c]: BUSY {"metadata":{"emulator":{"name":"functions"},"function":{"name":"us-central1-api"},"extension":{},"message":"[worker-us-central1-api-e4a587de-2c42-4e04-b7e0-326232dd613c]: BUSY"}}
[info] >  開始獲取用戶的 GitHub repositories... {"user":"開始獲取用戶的 GitHub repositories...","metadata":{"emulator":{"name":"functions"},"function":{"name":"us-central1-api"},"extension":{},"message":"\u001b[90m> \u001b[39m 開始獲取用戶的 GitHub repositories..."}}
[info] >  Token: 存在 {"user":"Token: 存在","metadata":{"emulator":{"name":"functions"},"function":{"name":"us-central1-api"},"extension":{},"message":"\u001b[90m> \u001b[39m Token: 存在"}}
[info] >  獲取到 repositories 數量: 2 {"user":"獲取到 repositories 數量: 2","metadata":{"emulator":{"name":"functions"},"function":{"name":"us-central1-api"},"extension":{},"message":"\u001b[90m> \u001b[39m 獲取到 repositories 數量: 2"}}
[info] >  最終回傳資料: 2 個 repositories {"user":"最終回傳資料: 2 個 repositories","metadata":{"emulator":{"name":"functions"},"function":{"name":"us-central1-api"},"extension":{},"message":"\u001b[90m> \u001b[39m 最終回傳資料: 2 個 repositories"}}
[debug] [2025-06-19T04:05:41.983Z] Finishing up request with event=pause {"metadata":{"emulator":{"name":"functions"},"function":{"name":"us-central1-api"},"extension":{},"message":"Finishing up request with event=pause"}}
[info] i  functions: Finished "us-central1-api" in 405.426542ms {"metadata":{"emulator":{"name":"functions"},"function":{"name":"us-central1-api"},"extension":{},"message":"Finished \"us-central1-api\" in 405.426542ms"}}
[debug] [2025-06-19T04:05:41.983Z] [worker-us-central1-api-e4a587de-2c42-4e04-b7e0-326232dd613c]: IDLE {"metadata":{"emulator":{"name":"functions"},"function":{"name":"us-central1-api"},"extension":{},"message":"[worker-us-central1-api-e4a587de-2c42-4e04-b7e0-326232dd613c]: IDLE"}}
[debug] [2025-06-19T04:05:41.983Z] Finishing up request with event=finish {"metadata":{"emulator":{"name":"functions"},"function":{"name":"us-central1-api"},"extension":{},"message":"Finishing up request with event=finish"}}
[debug] [2025-06-19T04:05:41.984Z] Finishing up request with event=close {"metadata":{"emulator":{"name":"functions"},"function":{"name":"us-central1-api"},"extension":{},"message":"Finishing up request with event=close"}}
[debug] [2025-06-19T04:05:41.984Z] [work-queue] {"queuedWork":[],"queueLength":0,"runningWork":[],"workRunningCount":0}
[debug] [2025-06-19T04:11:50.836Z] [work-queue] {"queuedWork":["/ezpage-127d9/us-central1/api/repositories-2025-06-19T04:11:50.835Z"],"queueLength":1,"runningWork":[],"workRunningCount":0}
[debug] [2025-06-19T04:11:50.837Z] [work-queue] {"queuedWork":[],"queueLength":0,"runningWork":["/ezpage-127d9/us-central1/api/repositories-2025-06-19T04:11:50.835Z"],"workRunningCount":1}
[debug] [2025-06-19T04:11:50.837Z] Accepted request OPTIONS /ezpage-127d9/us-central1/api/repositories --> us-central1-api
[debug] [2025-06-19T04:11:50.847Z] [functions] Runtime ready! Sending request! {"metadata":{"emulator":{"name":"functions"},"message":"[functions] Runtime ready! Sending request!"}}
[debug] [2025-06-19T04:11:50.847Z] [functions] Got req.url=/ezpage-127d9/us-central1/api/repositories, mapping to path=/repositories {"metadata":{"emulator":{"name":"functions"},"message":"[functions] Got req.url=/ezpage-127d9/us-central1/api/repositories, mapping to path=/repositories"}}
[debug] [2025-06-19T04:11:50.848Z] [worker-pool] submitRequest(triggerId=us-central1-api) {"metadata":{"emulator":{"name":"functions"},"message":"[worker-pool] submitRequest(triggerId=us-central1-api)"}}
[info] i  functions: Beginning execution of "us-central1-api" {"metadata":{"emulator":{"name":"functions"},"function":{"name":"us-central1-api"},"extension":{},"message":"Beginning execution of \"us-central1-api\""}}
[debug] [2025-06-19T04:11:50.848Z] [worker-us-central1-api-e4a587de-2c42-4e04-b7e0-326232dd613c]: BUSY {"metadata":{"emulator":{"name":"functions"},"function":{"name":"us-central1-api"},"extension":{},"message":"[worker-us-central1-api-e4a587de-2c42-4e04-b7e0-326232dd613c]: BUSY"}}
[debug] [2025-06-19T04:11:50.854Z] Finishing up request with event=pause {"metadata":{"emulator":{"name":"functions"},"function":{"name":"us-central1-api"},"extension":{},"message":"Finishing up request with event=pause"}}
[info] i  functions: Finished "us-central1-api" in 6.44675ms {"metadata":{"emulator":{"name":"functions"},"function":{"name":"us-central1-api"},"extension":{},"message":"Finished \"us-central1-api\" in 6.44675ms"}}
[debug] [2025-06-19T04:11:50.855Z] [worker-us-central1-api-e4a587de-2c42-4e04-b7e0-326232dd613c]: IDLE {"metadata":{"emulator":{"name":"functions"},"function":{"name":"us-central1-api"},"extension":{},"message":"[worker-us-central1-api-e4a587de-2c42-4e04-b7e0-326232dd613c]: IDLE"}}
[debug] [2025-06-19T04:11:50.855Z] Finishing up request with event=finish {"metadata":{"emulator":{"name":"functions"},"function":{"name":"us-central1-api"},"extension":{},"message":"Finishing up request with event=finish"}}
[debug] [2025-06-19T04:11:50.855Z] Finishing up request with event=close {"metadata":{"emulator":{"name":"functions"},"function":{"name":"us-central1-api"},"extension":{},"message":"Finishing up request with event=close"}}
[debug] [2025-06-19T04:11:50.855Z] [work-queue] {"queuedWork":[],"queueLength":0,"runningWork":[],"workRunningCount":0}
[debug] [2025-06-19T04:11:50.857Z] [work-queue] {"queuedWork":["/ezpage-127d9/us-central1/api/repositories-2025-06-19T04:11:50.856Z"],"queueLength":1,"runningWork":[],"workRunningCount":0}
[debug] [2025-06-19T04:11:50.857Z] [work-queue] {"queuedWork":[],"queueLength":0,"runningWork":["/ezpage-127d9/us-central1/api/repositories-2025-06-19T04:11:50.856Z"],"workRunningCount":1}
[debug] [2025-06-19T04:11:50.857Z] Accepted request GET /ezpage-127d9/us-central1/api/repositories --> us-central1-api
[debug] [2025-06-19T04:11:50.861Z] [functions] Runtime ready! Sending request! {"metadata":{"emulator":{"name":"functions"},"message":"[functions] Runtime ready! Sending request!"}}
[debug] [2025-06-19T04:11:50.861Z] [functions] Got req.url=/ezpage-127d9/us-central1/api/repositories, mapping to path=/repositories {"metadata":{"emulator":{"name":"functions"},"message":"[functions] Got req.url=/ezpage-127d9/us-central1/api/repositories, mapping to path=/repositories"}}
[debug] [2025-06-19T04:11:50.861Z] [worker-pool] submitRequest(triggerId=us-central1-api) {"metadata":{"emulator":{"name":"functions"},"message":"[worker-pool] submitRequest(triggerId=us-central1-api)"}}
[info] i  functions: Beginning execution of "us-central1-api" {"metadata":{"emulator":{"name":"functions"},"function":{"name":"us-central1-api"},"extension":{},"message":"Beginning execution of \"us-central1-api\""}}
[debug] [2025-06-19T04:11:50.861Z] [worker-us-central1-api-e4a587de-2c42-4e04-b7e0-326232dd613c]: BUSY {"metadata":{"emulator":{"name":"functions"},"function":{"name":"us-central1-api"},"extension":{},"message":"[worker-us-central1-api-e4a587de-2c42-4e04-b7e0-326232dd613c]: BUSY"}}
[info] >  開始獲取用戶的 GitHub repositories... {"user":"開始獲取用戶的 GitHub repositories...","metadata":{"emulator":{"name":"functions"},"function":{"name":"us-central1-api"},"extension":{},"message":"\u001b[90m> \u001b[39m 開始獲取用戶的 GitHub repositories..."}}
[info] >  Token: 存在 {"user":"Token: 存在","metadata":{"emulator":{"name":"functions"},"function":{"name":"us-central1-api"},"extension":{},"message":"\u001b[90m> \u001b[39m Token: 存在"}}
[info] >  獲取到 repositories 數量: 2 {"user":"獲取到 repositories 數量: 2","metadata":{"emulator":{"name":"functions"},"function":{"name":"us-central1-api"},"extension":{},"message":"\u001b[90m> \u001b[39m 獲取到 repositories 數量: 2"}}
[info] >  最終回傳資料: 2 個 repositories {"user":"最終回傳資料: 2 個 repositories","metadata":{"emulator":{"name":"functions"},"function":{"name":"us-central1-api"},"extension":{},"message":"\u001b[90m> \u001b[39m 最終回傳資料: 2 個 repositories"}}
[debug] [2025-06-19T04:11:51.266Z] Finishing up request with event=pause {"metadata":{"emulator":{"name":"functions"},"function":{"name":"us-central1-api"},"extension":{},"message":"Finishing up request with event=pause"}}
[info] i  functions: Finished "us-central1-api" in 405.311541ms {"metadata":{"emulator":{"name":"functions"},"function":{"name":"us-central1-api"},"extension":{},"message":"Finished \"us-central1-api\" in 405.311541ms"}}
[debug] [2025-06-19T04:11:51.268Z] [worker-us-central1-api-e4a587de-2c42-4e04-b7e0-326232dd613c]: IDLE {"metadata":{"emulator":{"name":"functions"},"function":{"name":"us-central1-api"},"extension":{},"message":"[worker-us-central1-api-e4a587de-2c42-4e04-b7e0-326232dd613c]: IDLE"}}
[debug] [2025-06-19T04:11:51.268Z] Finishing up request with event=finish {"metadata":{"emulator":{"name":"functions"},"function":{"name":"us-central1-api"},"extension":{},"message":"Finishing up request with event=finish"}}
[debug] [2025-06-19T04:11:51.269Z] Finishing up request with event=close {"metadata":{"emulator":{"name":"functions"},"function":{"name":"us-central1-api"},"extension":{},"message":"Finishing up request with event=close"}}
[debug] [2025-06-19T04:11:51.269Z] [work-queue] {"queuedWork":[],"queueLength":0,"runningWork":[],"workRunningCount":0}
[debug] [2025-06-19T04:12:05.149Z] [work-queue] {"queuedWork":["/ezpage-127d9/us-central1/api/repositories-2025-06-19T04:12:05.149Z"],"queueLength":1,"runningWork":[],"workRunningCount":0}
[debug] [2025-06-19T04:12:05.149Z] [work-queue] {"queuedWork":[],"queueLength":0,"runningWork":["/ezpage-127d9/us-central1/api/repositories-2025-06-19T04:12:05.149Z"],"workRunningCount":1}
[debug] [2025-06-19T04:12:05.149Z] Accepted request OPTIONS /ezpage-127d9/us-central1/api/repositories --> us-central1-api
[debug] [2025-06-19T04:12:05.153Z] [functions] Runtime ready! Sending request! {"metadata":{"emulator":{"name":"functions"},"message":"[functions] Runtime ready! Sending request!"}}
[debug] [2025-06-19T04:12:05.153Z] [functions] Got req.url=/ezpage-127d9/us-central1/api/repositories, mapping to path=/repositories {"metadata":{"emulator":{"name":"functions"},"message":"[functions] Got req.url=/ezpage-127d9/us-central1/api/repositories, mapping to path=/repositories"}}
[debug] [2025-06-19T04:12:05.153Z] [worker-pool] submitRequest(triggerId=us-central1-api) {"metadata":{"emulator":{"name":"functions"},"message":"[worker-pool] submitRequest(triggerId=us-central1-api)"}}
[info] i  functions: Beginning execution of "us-central1-api" {"metadata":{"emulator":{"name":"functions"},"function":{"name":"us-central1-api"},"extension":{},"message":"Beginning execution of \"us-central1-api\""}}
[debug] [2025-06-19T04:12:05.154Z] [worker-us-central1-api-e4a587de-2c42-4e04-b7e0-326232dd613c]: BUSY {"metadata":{"emulator":{"name":"functions"},"function":{"name":"us-central1-api"},"extension":{},"message":"[worker-us-central1-api-e4a587de-2c42-4e04-b7e0-326232dd613c]: BUSY"}}
[debug] [2025-06-19T04:12:05.155Z] Finishing up request with event=pause {"metadata":{"emulator":{"name":"functions"},"function":{"name":"us-central1-api"},"extension":{},"message":"Finishing up request with event=pause"}}
[info] i  functions: Finished "us-central1-api" in 1.20175ms {"metadata":{"emulator":{"name":"functions"},"function":{"name":"us-central1-api"},"extension":{},"message":"Finished \"us-central1-api\" in 1.20175ms"}}
[debug] [2025-06-19T04:12:05.156Z] [worker-us-central1-api-e4a587de-2c42-4e04-b7e0-326232dd613c]: IDLE {"metadata":{"emulator":{"name":"functions"},"function":{"name":"us-central1-api"},"extension":{},"message":"[worker-us-central1-api-e4a587de-2c42-4e04-b7e0-326232dd613c]: IDLE"}}
[debug] [2025-06-19T04:12:05.156Z] Finishing up request with event=finish {"metadata":{"emulator":{"name":"functions"},"function":{"name":"us-central1-api"},"extension":{},"message":"Finishing up request with event=finish"}}
[debug] [2025-06-19T04:12:05.156Z] Finishing up request with event=close {"metadata":{"emulator":{"name":"functions"},"function":{"name":"us-central1-api"},"extension":{},"message":"Finishing up request with event=close"}}
[debug] [2025-06-19T04:12:05.156Z] [work-queue] {"queuedWork":[],"queueLength":0,"runningWork":[],"workRunningCount":0}
[debug] [2025-06-19T04:12:05.157Z] [work-queue] {"queuedWork":["/ezpage-127d9/us-central1/api/repositories-2025-06-19T04:12:05.157Z"],"queueLength":1,"runningWork":[],"workRunningCount":0}
[debug] [2025-06-19T04:12:05.157Z] [work-queue] {"queuedWork":[],"queueLength":0,"runningWork":["/ezpage-127d9/us-central1/api/repositories-2025-06-19T04:12:05.157Z"],"workRunningCount":1}
[debug] [2025-06-19T04:12:05.157Z] Accepted request GET /ezpage-127d9/us-central1/api/repositories --> us-central1-api
[debug] [2025-06-19T04:12:05.159Z] [functions] Runtime ready! Sending request! {"metadata":{"emulator":{"name":"functions"},"message":"[functions] Runtime ready! Sending request!"}}
[debug] [2025-06-19T04:12:05.159Z] [functions] Got req.url=/ezpage-127d9/us-central1/api/repositories, mapping to path=/repositories {"metadata":{"emulator":{"name":"functions"},"message":"[functions] Got req.url=/ezpage-127d9/us-central1/api/repositories, mapping to path=/repositories"}}
[debug] [2025-06-19T04:12:05.159Z] [worker-pool] submitRequest(triggerId=us-central1-api) {"metadata":{"emulator":{"name":"functions"},"message":"[worker-pool] submitRequest(triggerId=us-central1-api)"}}
[info] i  functions: Beginning execution of "us-central1-api" {"metadata":{"emulator":{"name":"functions"},"function":{"name":"us-central1-api"},"extension":{},"message":"Beginning execution of \"us-central1-api\""}}
[debug] [2025-06-19T04:12:05.159Z] [worker-us-central1-api-e4a587de-2c42-4e04-b7e0-326232dd613c]: BUSY {"metadata":{"emulator":{"name":"functions"},"function":{"name":"us-central1-api"},"extension":{},"message":"[worker-us-central1-api-e4a587de-2c42-4e04-b7e0-326232dd613c]: BUSY"}}
[info] >  開始獲取用戶的 GitHub repositories... {"user":"開始獲取用戶的 GitHub repositories...","metadata":{"emulator":{"name":"functions"},"function":{"name":"us-central1-api"},"extension":{},"message":"\u001b[90m> \u001b[39m 開始獲取用戶的 GitHub repositories..."}}
[info] >  Token: 存在 {"user":"Token: 存在","metadata":{"emulator":{"name":"functions"},"function":{"name":"us-central1-api"},"extension":{},"message":"\u001b[90m> \u001b[39m Token: 存在"}}
[info] >  獲取到 repositories 數量: 2 {"user":"獲取到 repositories 數量: 2","metadata":{"emulator":{"name":"functions"},"function":{"name":"us-central1-api"},"extension":{},"message":"\u001b[90m> \u001b[39m 獲取到 repositories 數量: 2"}}
[info] >  最終回傳資料: 2 個 repositories {"user":"最終回傳資料: 2 個 repositories","metadata":{"emulator":{"name":"functions"},"function":{"name":"us-central1-api"},"extension":{},"message":"\u001b[90m> \u001b[39m 最終回傳資料: 2 個 repositories"}}
[debug] [2025-06-19T04:12:05.540Z] Finishing up request with event=pause {"metadata":{"emulator":{"name":"functions"},"function":{"name":"us-central1-api"},"extension":{},"message":"Finishing up request with event=pause"}}
[info] i  functions: Finished "us-central1-api" in 380.5565ms {"metadata":{"emulator":{"name":"functions"},"function":{"name":"us-central1-api"},"extension":{},"message":"Finished \"us-central1-api\" in 380.5565ms"}}
[debug] [2025-06-19T04:12:05.540Z] [worker-us-central1-api-e4a587de-2c42-4e04-b7e0-326232dd613c]: IDLE {"metadata":{"emulator":{"name":"functions"},"function":{"name":"us-central1-api"},"extension":{},"message":"[worker-us-central1-api-e4a587de-2c42-4e04-b7e0-326232dd613c]: IDLE"}}
[debug] [2025-06-19T04:12:05.540Z] Finishing up request with event=finish {"metadata":{"emulator":{"name":"functions"},"function":{"name":"us-central1-api"},"extension":{},"message":"Finishing up request with event=finish"}}
[debug] [2025-06-19T04:12:05.540Z] Finishing up request with event=close {"metadata":{"emulator":{"name":"functions"},"function":{"name":"us-central1-api"},"extension":{},"message":"Finishing up request with event=close"}}
[debug] [2025-06-19T04:12:05.540Z] [work-queue] {"queuedWork":[],"queueLength":0,"runningWork":[],"workRunningCount":0}
[debug] [2025-06-19T04:14:43.392Z] [work-queue] {"queuedWork":["/ezpage-127d9/us-central1/api/repositories-2025-06-19T04:14:43.392Z"],"queueLength":1,"runningWork":[],"workRunningCount":0}
[debug] [2025-06-19T04:14:43.392Z] [work-queue] {"queuedWork":[],"queueLength":0,"runningWork":["/ezpage-127d9/us-central1/api/repositories-2025-06-19T04:14:43.392Z"],"workRunningCount":1}
[debug] [2025-06-19T04:14:43.392Z] Accepted request OPTIONS /ezpage-127d9/us-central1/api/repositories --> us-central1-api
[debug] [2025-06-19T04:14:43.398Z] [functions] Runtime ready! Sending request! {"metadata":{"emulator":{"name":"functions"},"message":"[functions] Runtime ready! Sending request!"}}
[debug] [2025-06-19T04:14:43.398Z] [functions] Got req.url=/ezpage-127d9/us-central1/api/repositories, mapping to path=/repositories {"metadata":{"emulator":{"name":"functions"},"message":"[functions] Got req.url=/ezpage-127d9/us-central1/api/repositories, mapping to path=/repositories"}}
[debug] [2025-06-19T04:14:43.398Z] [worker-pool] submitRequest(triggerId=us-central1-api) {"metadata":{"emulator":{"name":"functions"},"message":"[worker-pool] submitRequest(triggerId=us-central1-api)"}}
[info] i  functions: Beginning execution of "us-central1-api" {"metadata":{"emulator":{"name":"functions"},"function":{"name":"us-central1-api"},"extension":{},"message":"Beginning execution of \"us-central1-api\""}}
[debug] [2025-06-19T04:14:43.399Z] [worker-us-central1-api-e4a587de-2c42-4e04-b7e0-326232dd613c]: BUSY {"metadata":{"emulator":{"name":"functions"},"function":{"name":"us-central1-api"},"extension":{},"message":"[worker-us-central1-api-e4a587de-2c42-4e04-b7e0-326232dd613c]: BUSY"}}
[debug] [2025-06-19T04:14:43.401Z] Finishing up request with event=pause {"metadata":{"emulator":{"name":"functions"},"function":{"name":"us-central1-api"},"extension":{},"message":"Finishing up request with event=pause"}}
[info] i  functions: Finished "us-central1-api" in 2.066625ms {"metadata":{"emulator":{"name":"functions"},"function":{"name":"us-central1-api"},"extension":{},"message":"Finished \"us-central1-api\" in 2.066625ms"}}
[debug] [2025-06-19T04:14:43.401Z] [worker-us-central1-api-e4a587de-2c42-4e04-b7e0-326232dd613c]: IDLE {"metadata":{"emulator":{"name":"functions"},"function":{"name":"us-central1-api"},"extension":{},"message":"[worker-us-central1-api-e4a587de-2c42-4e04-b7e0-326232dd613c]: IDLE"}}
[debug] [2025-06-19T04:14:43.401Z] Finishing up request with event=finish {"metadata":{"emulator":{"name":"functions"},"function":{"name":"us-central1-api"},"extension":{},"message":"Finishing up request with event=finish"}}
[debug] [2025-06-19T04:14:43.401Z] Finishing up request with event=close {"metadata":{"emulator":{"name":"functions"},"function":{"name":"us-central1-api"},"extension":{},"message":"Finishing up request with event=close"}}
[debug] [2025-06-19T04:14:43.401Z] [work-queue] {"queuedWork":[],"queueLength":0,"runningWork":[],"workRunningCount":0}
[debug] [2025-06-19T04:14:43.402Z] [work-queue] {"queuedWork":["/ezpage-127d9/us-central1/api/repositories-2025-06-19T04:14:43.402Z"],"queueLength":1,"runningWork":[],"workRunningCount":0}
[debug] [2025-06-19T04:14:43.402Z] [work-queue] {"queuedWork":[],"queueLength":0,"runningWork":["/ezpage-127d9/us-central1/api/repositories-2025-06-19T04:14:43.402Z"],"workRunningCount":1}
[debug] [2025-06-19T04:14:43.402Z] Accepted request GET /ezpage-127d9/us-central1/api/repositories --> us-central1-api
[debug] [2025-06-19T04:14:43.403Z] [functions] Runtime ready! Sending request! {"metadata":{"emulator":{"name":"functions"},"message":"[functions] Runtime ready! Sending request!"}}
[debug] [2025-06-19T04:14:43.403Z] [functions] Got req.url=/ezpage-127d9/us-central1/api/repositories, mapping to path=/repositories {"metadata":{"emulator":{"name":"functions"},"message":"[functions] Got req.url=/ezpage-127d9/us-central1/api/repositories, mapping to path=/repositories"}}
[debug] [2025-06-19T04:14:43.403Z] [worker-pool] submitRequest(triggerId=us-central1-api) {"metadata":{"emulator":{"name":"functions"},"message":"[worker-pool] submitRequest(triggerId=us-central1-api)"}}
[info] i  functions: Beginning execution of "us-central1-api" {"metadata":{"emulator":{"name":"functions"},"function":{"name":"us-central1-api"},"extension":{},"message":"Beginning execution of \"us-central1-api\""}}
[debug] [2025-06-19T04:14:43.403Z] [worker-us-central1-api-e4a587de-2c42-4e04-b7e0-326232dd613c]: BUSY {"metadata":{"emulator":{"name":"functions"},"function":{"name":"us-central1-api"},"extension":{},"message":"[worker-us-central1-api-e4a587de-2c42-4e04-b7e0-326232dd613c]: BUSY"}}
[info] >  開始獲取用戶的 GitHub repositories... {"user":"開始獲取用戶的 GitHub repositories...","metadata":{"emulator":{"name":"functions"},"function":{"name":"us-central1-api"},"extension":{},"message":"\u001b[90m> \u001b[39m 開始獲取用戶的 GitHub repositories..."}}
[info] >  Token: 存在 {"user":"Token: 存在","metadata":{"emulator":{"name":"functions"},"function":{"name":"us-central1-api"},"extension":{},"message":"\u001b[90m> \u001b[39m Token: 存在"}}
[info] >  獲取到 repositories 數量: 2 {"user":"獲取到 repositories 數量: 2","metadata":{"emulator":{"name":"functions"},"function":{"name":"us-central1-api"},"extension":{},"message":"\u001b[90m> \u001b[39m 獲取到 repositories 數量: 2"}}
[info] >  最終回傳資料: 2 個 repositories {"user":"最終回傳資料: 2 個 repositories","metadata":{"emulator":{"name":"functions"},"function":{"name":"us-central1-api"},"extension":{},"message":"\u001b[90m> \u001b[39m 最終回傳資料: 2 個 repositories"}}
[debug] [2025-06-19T04:14:43.813Z] Finishing up request with event=pause {"metadata":{"emulator":{"name":"functions"},"function":{"name":"us-central1-api"},"extension":{},"message":"Finishing up request with event=pause"}}
[info] i  functions: Finished "us-central1-api" in 409.913542ms {"metadata":{"emulator":{"name":"functions"},"function":{"name":"us-central1-api"},"extension":{},"message":"Finished \"us-central1-api\" in 409.913542ms"}}
[debug] [2025-06-19T04:14:43.813Z] [worker-us-central1-api-e4a587de-2c42-4e04-b7e0-326232dd613c]: IDLE {"metadata":{"emulator":{"name":"functions"},"function":{"name":"us-central1-api"},"extension":{},"message":"[worker-us-central1-api-e4a587de-2c42-4e04-b7e0-326232dd613c]: IDLE"}}
[debug] [2025-06-19T04:14:43.813Z] Finishing up request with event=finish {"metadata":{"emulator":{"name":"functions"},"function":{"name":"us-central1-api"},"extension":{},"message":"Finishing up request with event=finish"}}
[debug] [2025-06-19T04:14:43.813Z] Finishing up request with event=close {"metadata":{"emulator":{"name":"functions"},"function":{"name":"us-central1-api"},"extension":{},"message":"Finishing up request with event=close"}}
[debug] [2025-06-19T04:14:43.813Z] [work-queue] {"queuedWork":[],"queueLength":0,"runningWork":[],"workRunningCount":0}
[debug] [2025-06-19T04:15:06.484Z] [work-queue] {"queuedWork":["/ezpage-127d9/us-central1/api/repositories-2025-06-19T04:15:06.484Z"],"queueLength":1,"runningWork":[],"workRunningCount":0}
[debug] [2025-06-19T04:15:06.484Z] [work-queue] {"queuedWork":[],"queueLength":0,"runningWork":["/ezpage-127d9/us-central1/api/repositories-2025-06-19T04:15:06.484Z"],"workRunningCount":1}
[debug] [2025-06-19T04:15:06.484Z] Accepted request OPTIONS /ezpage-127d9/us-central1/api/repositories --> us-central1-api
[debug] [2025-06-19T04:15:06.486Z] [functions] Runtime ready! Sending request! {"metadata":{"emulator":{"name":"functions"},"message":"[functions] Runtime ready! Sending request!"}}
[debug] [2025-06-19T04:15:06.486Z] [functions] Got req.url=/ezpage-127d9/us-central1/api/repositories, mapping to path=/repositories {"metadata":{"emulator":{"name":"functions"},"message":"[functions] Got req.url=/ezpage-127d9/us-central1/api/repositories, mapping to path=/repositories"}}
[debug] [2025-06-19T04:15:06.486Z] [worker-pool] submitRequest(triggerId=us-central1-api) {"metadata":{"emulator":{"name":"functions"},"message":"[worker-pool] submitRequest(triggerId=us-central1-api)"}}
[info] i  functions: Beginning execution of "us-central1-api" {"metadata":{"emulator":{"name":"functions"},"function":{"name":"us-central1-api"},"extension":{},"message":"Beginning execution of \"us-central1-api\""}}
[debug] [2025-06-19T04:15:06.487Z] [worker-us-central1-api-e4a587de-2c42-4e04-b7e0-326232dd613c]: BUSY {"metadata":{"emulator":{"name":"functions"},"function":{"name":"us-central1-api"},"extension":{},"message":"[worker-us-central1-api-e4a587de-2c42-4e04-b7e0-326232dd613c]: BUSY"}}
[debug] [2025-06-19T04:15:06.492Z] Finishing up request with event=pause {"metadata":{"emulator":{"name":"functions"},"function":{"name":"us-central1-api"},"extension":{},"message":"Finishing up request with event=pause"}}
[info] i  functions: Finished "us-central1-api" in 4.769875ms {"metadata":{"emulator":{"name":"functions"},"function":{"name":"us-central1-api"},"extension":{},"message":"Finished \"us-central1-api\" in 4.769875ms"}}
[debug] [2025-06-19T04:15:06.492Z] [worker-us-central1-api-e4a587de-2c42-4e04-b7e0-326232dd613c]: IDLE {"metadata":{"emulator":{"name":"functions"},"function":{"name":"us-central1-api"},"extension":{},"message":"[worker-us-central1-api-e4a587de-2c42-4e04-b7e0-326232dd613c]: IDLE"}}
[debug] [2025-06-19T04:15:06.492Z] Finishing up request with event=finish {"metadata":{"emulator":{"name":"functions"},"function":{"name":"us-central1-api"},"extension":{},"message":"Finishing up request with event=finish"}}
[debug] [2025-06-19T04:15:06.493Z] Finishing up request with event=close {"metadata":{"emulator":{"name":"functions"},"function":{"name":"us-central1-api"},"extension":{},"message":"Finishing up request with event=close"}}
[debug] [2025-06-19T04:15:06.493Z] [work-queue] {"queuedWork":[],"queueLength":0,"runningWork":[],"workRunningCount":0}
[debug] [2025-06-19T04:15:06.493Z] [work-queue] {"queuedWork":["/ezpage-127d9/us-central1/api/repositories-2025-06-19T04:15:06.493Z"],"queueLength":1,"runningWork":[],"workRunningCount":0}
[debug] [2025-06-19T04:15:06.493Z] [work-queue] {"queuedWork":[],"queueLength":0,"runningWork":["/ezpage-127d9/us-central1/api/repositories-2025-06-19T04:15:06.493Z"],"workRunningCount":1}
[debug] [2025-06-19T04:15:06.493Z] Accepted request GET /ezpage-127d9/us-central1/api/repositories --> us-central1-api
[debug] [2025-06-19T04:15:06.495Z] [functions] Runtime ready! Sending request! {"metadata":{"emulator":{"name":"functions"},"message":"[functions] Runtime ready! Sending request!"}}
[debug] [2025-06-19T04:15:06.495Z] [functions] Got req.url=/ezpage-127d9/us-central1/api/repositories, mapping to path=/repositories {"metadata":{"emulator":{"name":"functions"},"message":"[functions] Got req.url=/ezpage-127d9/us-central1/api/repositories, mapping to path=/repositories"}}
[debug] [2025-06-19T04:15:06.495Z] [worker-pool] submitRequest(triggerId=us-central1-api) {"metadata":{"emulator":{"name":"functions"},"message":"[worker-pool] submitRequest(triggerId=us-central1-api)"}}
[info] i  functions: Beginning execution of "us-central1-api" {"metadata":{"emulator":{"name":"functions"},"function":{"name":"us-central1-api"},"extension":{},"message":"Beginning execution of \"us-central1-api\""}}
[debug] [2025-06-19T04:15:06.496Z] [worker-us-central1-api-e4a587de-2c42-4e04-b7e0-326232dd613c]: BUSY {"metadata":{"emulator":{"name":"functions"},"function":{"name":"us-central1-api"},"extension":{},"message":"[worker-us-central1-api-e4a587de-2c42-4e04-b7e0-326232dd613c]: BUSY"}}
[info] >  開始獲取用戶的 GitHub repositories... {"user":"開始獲取用戶的 GitHub repositories...","metadata":{"emulator":{"name":"functions"},"function":{"name":"us-central1-api"},"extension":{},"message":"\u001b[90m> \u001b[39m 開始獲取用戶的 GitHub repositories..."}}
[info] >  Token: 存在 {"user":"Token: 存在","metadata":{"emulator":{"name":"functions"},"function":{"name":"us-central1-api"},"extension":{},"message":"\u001b[90m> \u001b[39m Token: 存在"}}
[info] >  獲取到 repositories 數量: 2 {"user":"獲取到 repositories 數量: 2","metadata":{"emulator":{"name":"functions"},"function":{"name":"us-central1-api"},"extension":{},"message":"\u001b[90m> \u001b[39m 獲取到 repositories 數量: 2"}}
[info] >  最終回傳資料: 2 個 repositories {"user":"最終回傳資料: 2 個 repositories","metadata":{"emulator":{"name":"functions"},"function":{"name":"us-central1-api"},"extension":{},"message":"\u001b[90m> \u001b[39m 最終回傳資料: 2 個 repositories"}}
[debug] [2025-06-19T04:15:06.893Z] Finishing up request with event=pause {"metadata":{"emulator":{"name":"functions"},"function":{"name":"us-central1-api"},"extension":{},"message":"Finishing up request with event=pause"}}
[info] i  functions: Finished "us-central1-api" in 397.84325ms {"metadata":{"emulator":{"name":"functions"},"function":{"name":"us-central1-api"},"extension":{},"message":"Finished \"us-central1-api\" in 397.84325ms"}}
[debug] [2025-06-19T04:15:06.894Z] [worker-us-central1-api-e4a587de-2c42-4e04-b7e0-326232dd613c]: IDLE {"metadata":{"emulator":{"name":"functions"},"function":{"name":"us-central1-api"},"extension":{},"message":"[worker-us-central1-api-e4a587de-2c42-4e04-b7e0-326232dd613c]: IDLE"}}
[debug] [2025-06-19T04:15:06.894Z] Finishing up request with event=finish {"metadata":{"emulator":{"name":"functions"},"function":{"name":"us-central1-api"},"extension":{},"message":"Finishing up request with event=finish"}}
[debug] [2025-06-19T04:15:06.894Z] Finishing up request with event=close {"metadata":{"emulator":{"name":"functions"},"function":{"name":"us-central1-api"},"extension":{},"message":"Finishing up request with event=close"}}
[debug] [2025-06-19T04:15:06.894Z] [work-queue] {"queuedWork":[],"queueLength":0,"runningWork":[],"workRunningCount":0}
[debug] [2025-06-19T04:15:33.795Z] [work-queue] {"queuedWork":["/ezpage-127d9/us-central1/api/repositories-2025-06-19T04:15:33.795Z"],"queueLength":1,"runningWork":[],"workRunningCount":0}
[debug] [2025-06-19T04:15:33.795Z] [work-queue] {"queuedWork":[],"queueLength":0,"runningWork":["/ezpage-127d9/us-central1/api/repositories-2025-06-19T04:15:33.795Z"],"workRunningCount":1}
[debug] [2025-06-19T04:15:33.795Z] Accepted request OPTIONS /ezpage-127d9/us-central1/api/repositories --> us-central1-api
[debug] [2025-06-19T04:15:33.797Z] [functions] Runtime ready! Sending request! {"metadata":{"emulator":{"name":"functions"},"message":"[functions] Runtime ready! Sending request!"}}
[debug] [2025-06-19T04:15:33.797Z] [functions] Got req.url=/ezpage-127d9/us-central1/api/repositories, mapping to path=/repositories {"metadata":{"emulator":{"name":"functions"},"message":"[functions] Got req.url=/ezpage-127d9/us-central1/api/repositories, mapping to path=/repositories"}}
[debug] [2025-06-19T04:15:33.797Z] [worker-pool] submitRequest(triggerId=us-central1-api) {"metadata":{"emulator":{"name":"functions"},"message":"[worker-pool] submitRequest(triggerId=us-central1-api)"}}
[info] i  functions: Beginning execution of "us-central1-api" {"metadata":{"emulator":{"name":"functions"},"function":{"name":"us-central1-api"},"extension":{},"message":"Beginning execution of \"us-central1-api\""}}
[debug] [2025-06-19T04:15:33.797Z] [worker-us-central1-api-e4a587de-2c42-4e04-b7e0-326232dd613c]: BUSY {"metadata":{"emulator":{"name":"functions"},"function":{"name":"us-central1-api"},"extension":{},"message":"[worker-us-central1-api-e4a587de-2c42-4e04-b7e0-326232dd613c]: BUSY"}}
[debug] [2025-06-19T04:15:33.802Z] Finishing up request with event=pause {"metadata":{"emulator":{"name":"functions"},"function":{"name":"us-central1-api"},"extension":{},"message":"Finishing up request with event=pause"}}
[info] i  functions: Finished "us-central1-api" in 4.624167ms {"metadata":{"emulator":{"name":"functions"},"function":{"name":"us-central1-api"},"extension":{},"message":"Finished \"us-central1-api\" in 4.624167ms"}}
[debug] [2025-06-19T04:15:33.802Z] [worker-us-central1-api-e4a587de-2c42-4e04-b7e0-326232dd613c]: IDLE {"metadata":{"emulator":{"name":"functions"},"function":{"name":"us-central1-api"},"extension":{},"message":"[worker-us-central1-api-e4a587de-2c42-4e04-b7e0-326232dd613c]: IDLE"}}
[debug] [2025-06-19T04:15:33.802Z] Finishing up request with event=finish {"metadata":{"emulator":{"name":"functions"},"function":{"name":"us-central1-api"},"extension":{},"message":"Finishing up request with event=finish"}}
[debug] [2025-06-19T04:15:33.802Z] Finishing up request with event=close {"metadata":{"emulator":{"name":"functions"},"function":{"name":"us-central1-api"},"extension":{},"message":"Finishing up request with event=close"}}
[debug] [2025-06-19T04:15:33.802Z] [work-queue] {"queuedWork":[],"queueLength":0,"runningWork":[],"workRunningCount":0}
[debug] [2025-06-19T04:15:33.803Z] [work-queue] {"queuedWork":["/ezpage-127d9/us-central1/api/repositories-2025-06-19T04:15:33.803Z"],"queueLength":1,"runningWork":[],"workRunningCount":0}
[debug] [2025-06-19T04:15:33.803Z] [work-queue] {"queuedWork":[],"queueLength":0,"runningWork":["/ezpage-127d9/us-central1/api/repositories-2025-06-19T04:15:33.803Z"],"workRunningCount":1}
[debug] [2025-06-19T04:15:33.803Z] Accepted request GET /ezpage-127d9/us-central1/api/repositories --> us-central1-api
[debug] [2025-06-19T04:15:33.804Z] [functions] Runtime ready! Sending request! {"metadata":{"emulator":{"name":"functions"},"message":"[functions] Runtime ready! Sending request!"}}
[debug] [2025-06-19T04:15:33.804Z] [functions] Got req.url=/ezpage-127d9/us-central1/api/repositories, mapping to path=/repositories {"metadata":{"emulator":{"name":"functions"},"message":"[functions] Got req.url=/ezpage-127d9/us-central1/api/repositories, mapping to path=/repositories"}}
[debug] [2025-06-19T04:15:33.804Z] [worker-pool] submitRequest(triggerId=us-central1-api) {"metadata":{"emulator":{"name":"functions"},"message":"[worker-pool] submitRequest(triggerId=us-central1-api)"}}
[info] i  functions: Beginning execution of "us-central1-api" {"metadata":{"emulator":{"name":"functions"},"function":{"name":"us-central1-api"},"extension":{},"message":"Beginning execution of \"us-central1-api\""}}
[debug] [2025-06-19T04:15:33.804Z] [worker-us-central1-api-e4a587de-2c42-4e04-b7e0-326232dd613c]: BUSY {"metadata":{"emulator":{"name":"functions"},"function":{"name":"us-central1-api"},"extension":{},"message":"[worker-us-central1-api-e4a587de-2c42-4e04-b7e0-326232dd613c]: BUSY"}}
[info] >  開始獲取用戶的 GitHub repositories... {"user":"開始獲取用戶的 GitHub repositories...","metadata":{"emulator":{"name":"functions"},"function":{"name":"us-central1-api"},"extension":{},"message":"\u001b[90m> \u001b[39m 開始獲取用戶的 GitHub repositories..."}}
[info] >  Token: 存在 {"user":"Token: 存在","metadata":{"emulator":{"name":"functions"},"function":{"name":"us-central1-api"},"extension":{},"message":"\u001b[90m> \u001b[39m Token: 存在"}}
[info] >  獲取到 repositories 數量: 2 {"user":"獲取到 repositories 數量: 2","metadata":{"emulator":{"name":"functions"},"function":{"name":"us-central1-api"},"extension":{},"message":"\u001b[90m> \u001b[39m 獲取到 repositories 數量: 2"}}
[info] >  最終回傳資料: 2 個 repositories {"user":"最終回傳資料: 2 個 repositories","metadata":{"emulator":{"name":"functions"},"function":{"name":"us-central1-api"},"extension":{},"message":"\u001b[90m> \u001b[39m 最終回傳資料: 2 個 repositories"}}
[debug] [2025-06-19T04:15:34.310Z] Finishing up request with event=pause {"metadata":{"emulator":{"name":"functions"},"function":{"name":"us-central1-api"},"extension":{},"message":"Finishing up request with event=pause"}}
[info] i  functions: Finished "us-central1-api" in 506.83775ms {"metadata":{"emulator":{"name":"functions"},"function":{"name":"us-central1-api"},"extension":{},"message":"Finished \"us-central1-api\" in 506.83775ms"}}
[debug] [2025-06-19T04:15:34.312Z] [worker-us-central1-api-e4a587de-2c42-4e04-b7e0-326232dd613c]: IDLE {"metadata":{"emulator":{"name":"functions"},"function":{"name":"us-central1-api"},"extension":{},"message":"[worker-us-central1-api-e4a587de-2c42-4e04-b7e0-326232dd613c]: IDLE"}}
[debug] [2025-06-19T04:15:34.312Z] Finishing up request with event=finish {"metadata":{"emulator":{"name":"functions"},"function":{"name":"us-central1-api"},"extension":{},"message":"Finishing up request with event=finish"}}
[debug] [2025-06-19T04:15:34.313Z] Finishing up request with event=close {"metadata":{"emulator":{"name":"functions"},"function":{"name":"us-central1-api"},"extension":{},"message":"Finishing up request with event=close"}}
[debug] [2025-06-19T04:15:34.313Z] [work-queue] {"queuedWork":[],"queueLength":0,"runningWork":[],"workRunningCount":0}
[debug] [2025-06-19T04:15:39.029Z] [work-queue] {"queuedWork":["/ezpage-127d9/us-central1/api/deploy-2025-06-19T04:15:39.029Z"],"queueLength":1,"runningWork":[],"workRunningCount":0}
[debug] [2025-06-19T04:15:39.029Z] [work-queue] {"queuedWork":[],"queueLength":0,"runningWork":["/ezpage-127d9/us-central1/api/deploy-2025-06-19T04:15:39.029Z"],"workRunningCount":1}
[debug] [2025-06-19T04:15:39.029Z] Accepted request OPTIONS /ezpage-127d9/us-central1/api/deploy --> us-central1-api
[debug] [2025-06-19T04:15:39.032Z] [functions] Runtime ready! Sending request! {"metadata":{"emulator":{"name":"functions"},"message":"[functions] Runtime ready! Sending request!"}}
[debug] [2025-06-19T04:15:39.033Z] [functions] Got req.url=/ezpage-127d9/us-central1/api/deploy, mapping to path=/deploy {"metadata":{"emulator":{"name":"functions"},"message":"[functions] Got req.url=/ezpage-127d9/us-central1/api/deploy, mapping to path=/deploy"}}
[debug] [2025-06-19T04:15:39.033Z] [worker-pool] submitRequest(triggerId=us-central1-api) {"metadata":{"emulator":{"name":"functions"},"message":"[worker-pool] submitRequest(triggerId=us-central1-api)"}}
[info] i  functions: Beginning execution of "us-central1-api" {"metadata":{"emulator":{"name":"functions"},"function":{"name":"us-central1-api"},"extension":{},"message":"Beginning execution of \"us-central1-api\""}}
[debug] [2025-06-19T04:15:39.034Z] [worker-us-central1-api-e4a587de-2c42-4e04-b7e0-326232dd613c]: BUSY {"metadata":{"emulator":{"name":"functions"},"function":{"name":"us-central1-api"},"extension":{},"message":"[worker-us-central1-api-e4a587de-2c42-4e04-b7e0-326232dd613c]: BUSY"}}
[debug] [2025-06-19T04:15:39.036Z] Finishing up request with event=pause {"metadata":{"emulator":{"name":"functions"},"function":{"name":"us-central1-api"},"extension":{},"message":"Finishing up request with event=pause"}}
[info] i  functions: Finished "us-central1-api" in 3.067042ms {"metadata":{"emulator":{"name":"functions"},"function":{"name":"us-central1-api"},"extension":{},"message":"Finished \"us-central1-api\" in 3.067042ms"}}
[debug] [2025-06-19T04:15:39.037Z] [worker-us-central1-api-e4a587de-2c42-4e04-b7e0-326232dd613c]: IDLE {"metadata":{"emulator":{"name":"functions"},"function":{"name":"us-central1-api"},"extension":{},"message":"[worker-us-central1-api-e4a587de-2c42-4e04-b7e0-326232dd613c]: IDLE"}}
[debug] [2025-06-19T04:15:39.037Z] Finishing up request with event=finish {"metadata":{"emulator":{"name":"functions"},"function":{"name":"us-central1-api"},"extension":{},"message":"Finishing up request with event=finish"}}
[debug] [2025-06-19T04:15:39.037Z] Finishing up request with event=close {"metadata":{"emulator":{"name":"functions"},"function":{"name":"us-central1-api"},"extension":{},"message":"Finishing up request with event=close"}}
[debug] [2025-06-19T04:15:39.037Z] [work-queue] {"queuedWork":[],"queueLength":0,"runningWork":[],"workRunningCount":0}
[debug] [2025-06-19T04:15:39.037Z] [work-queue] {"queuedWork":["/ezpage-127d9/us-central1/api/deploy-2025-06-19T04:15:39.037Z"],"queueLength":1,"runningWork":[],"workRunningCount":0}
[debug] [2025-06-19T04:15:39.037Z] [work-queue] {"queuedWork":[],"queueLength":0,"runningWork":["/ezpage-127d9/us-central1/api/deploy-2025-06-19T04:15:39.037Z"],"workRunningCount":1}
[debug] [2025-06-19T04:15:39.037Z] Accepted request POST /ezpage-127d9/us-central1/api/deploy --> us-central1-api
[debug] [2025-06-19T04:15:39.039Z] [functions] Runtime ready! Sending request! {"metadata":{"emulator":{"name":"functions"},"message":"[functions] Runtime ready! Sending request!"}}
[debug] [2025-06-19T04:15:39.039Z] [functions] Got req.url=/ezpage-127d9/us-central1/api/deploy, mapping to path=/deploy {"metadata":{"emulator":{"name":"functions"},"message":"[functions] Got req.url=/ezpage-127d9/us-central1/api/deploy, mapping to path=/deploy"}}
[debug] [2025-06-19T04:15:39.039Z] [worker-pool] submitRequest(triggerId=us-central1-api) {"metadata":{"emulator":{"name":"functions"},"message":"[worker-pool] submitRequest(triggerId=us-central1-api)"}}
[info] i  functions: Beginning execution of "us-central1-api" {"metadata":{"emulator":{"name":"functions"},"function":{"name":"us-central1-api"},"extension":{},"message":"Beginning execution of \"us-central1-api\""}}
[debug] [2025-06-19T04:15:39.040Z] [worker-us-central1-api-e4a587de-2c42-4e04-b7e0-326232dd613c]: BUSY {"metadata":{"emulator":{"name":"functions"},"function":{"name":"us-central1-api"},"extension":{},"message":"[worker-us-central1-api-e4a587de-2c42-4e04-b7e0-326232dd613c]: BUSY"}}
[debug] [2025-06-19T04:15:40.992Z] Finishing up request with event=pause {"metadata":{"emulator":{"name":"functions"},"function":{"name":"us-central1-api"},"extension":{},"message":"Finishing up request with event=pause"}}
[info] i  functions: Finished "us-central1-api" in 1952.7175419999999ms {"metadata":{"emulator":{"name":"functions"},"function":{"name":"us-central1-api"},"extension":{},"message":"Finished \"us-central1-api\" in 1952.7175419999999ms"}}
[debug] [2025-06-19T04:15:40.993Z] [worker-us-central1-api-e4a587de-2c42-4e04-b7e0-326232dd613c]: IDLE {"metadata":{"emulator":{"name":"functions"},"function":{"name":"us-central1-api"},"extension":{},"message":"[worker-us-central1-api-e4a587de-2c42-4e04-b7e0-326232dd613c]: IDLE"}}
[debug] [2025-06-19T04:15:40.993Z] Finishing up request with event=finish {"metadata":{"emulator":{"name":"functions"},"function":{"name":"us-central1-api"},"extension":{},"message":"Finishing up request with event=finish"}}
[debug] [2025-06-19T04:15:40.993Z] Finishing up request with event=close {"metadata":{"emulator":{"name":"functions"},"function":{"name":"us-central1-api"},"extension":{},"message":"Finishing up request with event=close"}}
[debug] [2025-06-19T04:15:40.993Z] [work-queue] {"queuedWork":[],"queueLength":0,"runningWork":[],"workRunningCount":0}
[debug] [2025-06-19T04:15:40.996Z] [work-queue] {"queuedWork":["/ezpage-127d9/us-central1/api/repositories-2025-06-19T04:15:40.996Z"],"queueLength":1,"runningWork":[],"workRunningCount":0}
[debug] [2025-06-19T04:15:40.996Z] [work-queue] {"queuedWork":[],"queueLength":0,"runningWork":["/ezpage-127d9/us-central1/api/repositories-2025-06-19T04:15:40.996Z"],"workRunningCount":1}
[debug] [2025-06-19T04:15:40.996Z] Accepted request OPTIONS /ezpage-127d9/us-central1/api/repositories --> us-central1-api
[debug] [2025-06-19T04:15:40.997Z] [functions] Runtime ready! Sending request! {"metadata":{"emulator":{"name":"functions"},"message":"[functions] Runtime ready! Sending request!"}}
[debug] [2025-06-19T04:15:40.997Z] [functions] Got req.url=/ezpage-127d9/us-central1/api/repositories, mapping to path=/repositories {"metadata":{"emulator":{"name":"functions"},"message":"[functions] Got req.url=/ezpage-127d9/us-central1/api/repositories, mapping to path=/repositories"}}
[debug] [2025-06-19T04:15:40.997Z] [worker-pool] submitRequest(triggerId=us-central1-api) {"metadata":{"emulator":{"name":"functions"},"message":"[worker-pool] submitRequest(triggerId=us-central1-api)"}}
[info] i  functions: Beginning execution of "us-central1-api" {"metadata":{"emulator":{"name":"functions"},"function":{"name":"us-central1-api"},"extension":{},"message":"Beginning execution of \"us-central1-api\""}}
[debug] [2025-06-19T04:15:40.998Z] [worker-us-central1-api-e4a587de-2c42-4e04-b7e0-326232dd613c]: BUSY {"metadata":{"emulator":{"name":"functions"},"function":{"name":"us-central1-api"},"extension":{},"message":"[worker-us-central1-api-e4a587de-2c42-4e04-b7e0-326232dd613c]: BUSY"}}
[debug] [2025-06-19T04:15:41.001Z] Finishing up request with event=pause {"metadata":{"emulator":{"name":"functions"},"function":{"name":"us-central1-api"},"extension":{},"message":"Finishing up request with event=pause"}}
[info] i  functions: Finished "us-central1-api" in 3.121333ms {"metadata":{"emulator":{"name":"functions"},"function":{"name":"us-central1-api"},"extension":{},"message":"Finished \"us-central1-api\" in 3.121333ms"}}
[debug] [2025-06-19T04:15:41.001Z] [worker-us-central1-api-e4a587de-2c42-4e04-b7e0-326232dd613c]: IDLE {"metadata":{"emulator":{"name":"functions"},"function":{"name":"us-central1-api"},"extension":{},"message":"[worker-us-central1-api-e4a587de-2c42-4e04-b7e0-326232dd613c]: IDLE"}}
[debug] [2025-06-19T04:15:41.001Z] Finishing up request with event=finish {"metadata":{"emulator":{"name":"functions"},"function":{"name":"us-central1-api"},"extension":{},"message":"Finishing up request with event=finish"}}
[debug] [2025-06-19T04:15:41.001Z] Finishing up request with event=close {"metadata":{"emulator":{"name":"functions"},"function":{"name":"us-central1-api"},"extension":{},"message":"Finishing up request with event=close"}}
[debug] [2025-06-19T04:15:41.001Z] [work-queue] {"queuedWork":[],"queueLength":0,"runningWork":[],"workRunningCount":0}
[debug] [2025-06-19T04:15:41.002Z] [work-queue] {"queuedWork":["/ezpage-127d9/us-central1/api/repositories-2025-06-19T04:15:41.002Z"],"queueLength":1,"runningWork":[],"workRunningCount":0}
[debug] [2025-06-19T04:15:41.002Z] [work-queue] {"queuedWork":[],"queueLength":0,"runningWork":["/ezpage-127d9/us-central1/api/repositories-2025-06-19T04:15:41.002Z"],"workRunningCount":1}
[debug] [2025-06-19T04:15:41.002Z] Accepted request GET /ezpage-127d9/us-central1/api/repositories --> us-central1-api
[debug] [2025-06-19T04:15:41.003Z] [functions] Runtime ready! Sending request! {"metadata":{"emulator":{"name":"functions"},"message":"[functions] Runtime ready! Sending request!"}}
[debug] [2025-06-19T04:15:41.003Z] [functions] Got req.url=/ezpage-127d9/us-central1/api/repositories, mapping to path=/repositories {"metadata":{"emulator":{"name":"functions"},"message":"[functions] Got req.url=/ezpage-127d9/us-central1/api/repositories, mapping to path=/repositories"}}
[debug] [2025-06-19T04:15:41.003Z] [worker-pool] submitRequest(triggerId=us-central1-api) {"metadata":{"emulator":{"name":"functions"},"message":"[worker-pool] submitRequest(triggerId=us-central1-api)"}}
[info] i  functions: Beginning execution of "us-central1-api" {"metadata":{"emulator":{"name":"functions"},"function":{"name":"us-central1-api"},"extension":{},"message":"Beginning execution of \"us-central1-api\""}}
[debug] [2025-06-19T04:15:41.003Z] [worker-us-central1-api-e4a587de-2c42-4e04-b7e0-326232dd613c]: BUSY {"metadata":{"emulator":{"name":"functions"},"function":{"name":"us-central1-api"},"extension":{},"message":"[worker-us-central1-api-e4a587de-2c42-4e04-b7e0-326232dd613c]: BUSY"}}
[info] >  開始獲取用戶的 GitHub repositories... {"user":"開始獲取用戶的 GitHub repositories...","metadata":{"emulator":{"name":"functions"},"function":{"name":"us-central1-api"},"extension":{},"message":"\u001b[90m> \u001b[39m 開始獲取用戶的 GitHub repositories..."}}
[info] >  Token: 存在 {"user":"Token: 存在","metadata":{"emulator":{"name":"functions"},"function":{"name":"us-central1-api"},"extension":{},"message":"\u001b[90m> \u001b[39m Token: 存在"}}
[info] >  獲取到 repositories 數量: 2 {"user":"獲取到 repositories 數量: 2","metadata":{"emulator":{"name":"functions"},"function":{"name":"us-central1-api"},"extension":{},"message":"\u001b[90m> \u001b[39m 獲取到 repositories 數量: 2"}}
[info] >  最終回傳資料: 2 個 repositories {"user":"最終回傳資料: 2 個 repositories","metadata":{"emulator":{"name":"functions"},"function":{"name":"us-central1-api"},"extension":{},"message":"\u001b[90m> \u001b[39m 最終回傳資料: 2 個 repositories"}}
[debug] [2025-06-19T04:15:41.287Z] Finishing up request with event=pause {"metadata":{"emulator":{"name":"functions"},"function":{"name":"us-central1-api"},"extension":{},"message":"Finishing up request with event=pause"}}
[info] i  functions: Finished "us-central1-api" in 284.232459ms {"metadata":{"emulator":{"name":"functions"},"function":{"name":"us-central1-api"},"extension":{},"message":"Finished \"us-central1-api\" in 284.232459ms"}}
[debug] [2025-06-19T04:15:41.287Z] [worker-us-central1-api-e4a587de-2c42-4e04-b7e0-326232dd613c]: IDLE {"metadata":{"emulator":{"name":"functions"},"function":{"name":"us-central1-api"},"extension":{},"message":"[worker-us-central1-api-e4a587de-2c42-4e04-b7e0-326232dd613c]: IDLE"}}
[debug] [2025-06-19T04:15:41.287Z] Finishing up request with event=finish {"metadata":{"emulator":{"name":"functions"},"function":{"name":"us-central1-api"},"extension":{},"message":"Finishing up request with event=finish"}}
[debug] [2025-06-19T04:15:41.288Z] Finishing up request with event=close {"metadata":{"emulator":{"name":"functions"},"function":{"name":"us-central1-api"},"extension":{},"message":"Finishing up request with event=close"}}
[debug] [2025-06-19T04:15:41.288Z] [work-queue] {"queuedWork":[],"queueLength":0,"runningWork":[],"workRunningCount":0}
[debug] [2025-06-19T04:16:48.003Z] [work-queue] {"queuedWork":["/ezpage-127d9/us-central1/api/repositories-2025-06-19T04:16:48.003Z"],"queueLength":1,"runningWork":[],"workRunningCount":0}
[debug] [2025-06-19T04:16:48.005Z] [work-queue] {"queuedWork":[],"queueLength":0,"runningWork":["/ezpage-127d9/us-central1/api/repositories-2025-06-19T04:16:48.003Z"],"workRunningCount":1}
[debug] [2025-06-19T04:16:48.005Z] Accepted request OPTIONS /ezpage-127d9/us-central1/api/repositories --> us-central1-api
[debug] [2025-06-19T04:16:48.011Z] [functions] Runtime ready! Sending request! {"metadata":{"emulator":{"name":"functions"},"message":"[functions] Runtime ready! Sending request!"}}
[debug] [2025-06-19T04:16:48.011Z] [functions] Got req.url=/ezpage-127d9/us-central1/api/repositories, mapping to path=/repositories {"metadata":{"emulator":{"name":"functions"},"message":"[functions] Got req.url=/ezpage-127d9/us-central1/api/repositories, mapping to path=/repositories"}}
[debug] [2025-06-19T04:16:48.012Z] [worker-pool] submitRequest(triggerId=us-central1-api) {"metadata":{"emulator":{"name":"functions"},"message":"[worker-pool] submitRequest(triggerId=us-central1-api)"}}
[info] i  functions: Beginning execution of "us-central1-api" {"metadata":{"emulator":{"name":"functions"},"function":{"name":"us-central1-api"},"extension":{},"message":"Beginning execution of \"us-central1-api\""}}
[debug] [2025-06-19T04:16:48.014Z] [worker-us-central1-api-e4a587de-2c42-4e04-b7e0-326232dd613c]: BUSY {"metadata":{"emulator":{"name":"functions"},"function":{"name":"us-central1-api"},"extension":{},"message":"[worker-us-central1-api-e4a587de-2c42-4e04-b7e0-326232dd613c]: BUSY"}}
[debug] [2025-06-19T04:16:48.129Z] Finishing up request with event=pause {"metadata":{"emulator":{"name":"functions"},"function":{"name":"us-central1-api"},"extension":{},"message":"Finishing up request with event=pause"}}
[info] i  functions: Finished "us-central1-api" in 115.424375ms {"metadata":{"emulator":{"name":"functions"},"function":{"name":"us-central1-api"},"extension":{},"message":"Finished \"us-central1-api\" in 115.424375ms"}}
[debug] [2025-06-19T04:16:48.130Z] [worker-us-central1-api-e4a587de-2c42-4e04-b7e0-326232dd613c]: IDLE {"metadata":{"emulator":{"name":"functions"},"function":{"name":"us-central1-api"},"extension":{},"message":"[worker-us-central1-api-e4a587de-2c42-4e04-b7e0-326232dd613c]: IDLE"}}
[debug] [2025-06-19T04:16:48.130Z] Finishing up request with event=finish {"metadata":{"emulator":{"name":"functions"},"function":{"name":"us-central1-api"},"extension":{},"message":"Finishing up request with event=finish"}}
[debug] [2025-06-19T04:16:48.130Z] Finishing up request with event=close {"metadata":{"emulator":{"name":"functions"},"function":{"name":"us-central1-api"},"extension":{},"message":"Finishing up request with event=close"}}
[debug] [2025-06-19T04:16:48.130Z] [work-queue] {"queuedWork":[],"queueLength":0,"runningWork":[],"workRunningCount":0}
[debug] [2025-06-19T04:16:48.131Z] [work-queue] {"queuedWork":["/ezpage-127d9/us-central1/api/repositories-2025-06-19T04:16:48.131Z"],"queueLength":1,"runningWork":[],"workRunningCount":0}
[debug] [2025-06-19T04:16:48.132Z] [work-queue] {"queuedWork":[],"queueLength":0,"runningWork":["/ezpage-127d9/us-central1/api/repositories-2025-06-19T04:16:48.131Z"],"workRunningCount":1}
[debug] [2025-06-19T04:16:48.132Z] Accepted request GET /ezpage-127d9/us-central1/api/repositories --> us-central1-api
[debug] [2025-06-19T04:16:48.132Z] [functions] Runtime ready! Sending request! {"metadata":{"emulator":{"name":"functions"},"message":"[functions] Runtime ready! Sending request!"}}
[debug] [2025-06-19T04:16:48.132Z] [functions] Got req.url=/ezpage-127d9/us-central1/api/repositories, mapping to path=/repositories {"metadata":{"emulator":{"name":"functions"},"message":"[functions] Got req.url=/ezpage-127d9/us-central1/api/repositories, mapping to path=/repositories"}}
[debug] [2025-06-19T04:16:48.132Z] [worker-pool] submitRequest(triggerId=us-central1-api) {"metadata":{"emulator":{"name":"functions"},"message":"[worker-pool] submitRequest(triggerId=us-central1-api)"}}
[info] i  functions: Beginning execution of "us-central1-api" {"metadata":{"emulator":{"name":"functions"},"function":{"name":"us-central1-api"},"extension":{},"message":"Beginning execution of \"us-central1-api\""}}
[debug] [2025-06-19T04:16:48.132Z] [worker-us-central1-api-e4a587de-2c42-4e04-b7e0-326232dd613c]: BUSY {"metadata":{"emulator":{"name":"functions"},"function":{"name":"us-central1-api"},"extension":{},"message":"[worker-us-central1-api-e4a587de-2c42-4e04-b7e0-326232dd613c]: BUSY"}}
[info] >  開始獲取用戶的 GitHub repositories... {"user":"開始獲取用戶的 GitHub repositories...","metadata":{"emulator":{"name":"functions"},"function":{"name":"us-central1-api"},"extension":{},"message":"\u001b[90m> \u001b[39m 開始獲取用戶的 GitHub repositories..."}}
[info] >  Token: 存在 {"user":"Token: 存在","metadata":{"emulator":{"name":"functions"},"function":{"name":"us-central1-api"},"extension":{},"message":"\u001b[90m> \u001b[39m Token: 存在"}}
[info] >  獲取到 repositories 數量: 2 {"user":"獲取到 repositories 數量: 2","metadata":{"emulator":{"name":"functions"},"function":{"name":"us-central1-api"},"extension":{},"message":"\u001b[90m> \u001b[39m 獲取到 repositories 數量: 2"}}
[info] >  最終回傳資料: 2 個 repositories {"user":"最終回傳資料: 2 個 repositories","metadata":{"emulator":{"name":"functions"},"function":{"name":"us-central1-api"},"extension":{},"message":"\u001b[90m> \u001b[39m 最終回傳資料: 2 個 repositories"}}
[debug] [2025-06-19T04:16:48.575Z] Finishing up request with event=pause {"metadata":{"emulator":{"name":"functions"},"function":{"name":"us-central1-api"},"extension":{},"message":"Finishing up request with event=pause"}}
[info] i  functions: Finished "us-central1-api" in 442.982583ms {"metadata":{"emulator":{"name":"functions"},"function":{"name":"us-central1-api"},"extension":{},"message":"Finished \"us-central1-api\" in 442.982583ms"}}
[debug] [2025-06-19T04:16:48.575Z] [worker-us-central1-api-e4a587de-2c42-4e04-b7e0-326232dd613c]: IDLE {"metadata":{"emulator":{"name":"functions"},"function":{"name":"us-central1-api"},"extension":{},"message":"[worker-us-central1-api-e4a587de-2c42-4e04-b7e0-326232dd613c]: IDLE"}}
[debug] [2025-06-19T04:16:48.575Z] Finishing up request with event=finish {"metadata":{"emulator":{"name":"functions"},"function":{"name":"us-central1-api"},"extension":{},"message":"Finishing up request with event=finish"}}
[debug] [2025-06-19T04:16:48.576Z] Finishing up request with event=close {"metadata":{"emulator":{"name":"functions"},"function":{"name":"us-central1-api"},"extension":{},"message":"Finishing up request with event=close"}}
[debug] [2025-06-19T04:16:48.576Z] [work-queue] {"queuedWork":[],"queueLength":0,"runningWork":[],"workRunningCount":0}
[debug] [2025-06-19T05:23:29.746Z] [work-queue] {"queuedWork":["/ezpage-127d9/us-central1/api/deploy-2025-06-19T05:23:29.746Z"],"queueLength":1,"runningWork":[],"workRunningCount":0}
[debug] [2025-06-19T05:23:29.747Z] [work-queue] {"queuedWork":[],"queueLength":0,"runningWork":["/ezpage-127d9/us-central1/api/deploy-2025-06-19T05:23:29.746Z"],"workRunningCount":1}
[debug] [2025-06-19T05:23:29.748Z] Accepted request OPTIONS /ezpage-127d9/us-central1/api/deploy --> us-central1-api
[debug] [2025-06-19T05:23:29.755Z] [functions] Runtime ready! Sending request! {"metadata":{"emulator":{"name":"functions"},"message":"[functions] Runtime ready! Sending request!"}}
[debug] [2025-06-19T05:23:29.756Z] [functions] Got req.url=/ezpage-127d9/us-central1/api/deploy, mapping to path=/deploy {"metadata":{"emulator":{"name":"functions"},"message":"[functions] Got req.url=/ezpage-127d9/us-central1/api/deploy, mapping to path=/deploy"}}
[debug] [2025-06-19T05:23:29.756Z] [worker-pool] submitRequest(triggerId=us-central1-api) {"metadata":{"emulator":{"name":"functions"},"message":"[worker-pool] submitRequest(triggerId=us-central1-api)"}}
[info] i  functions: Beginning execution of "us-central1-api" {"metadata":{"emulator":{"name":"functions"},"function":{"name":"us-central1-api"},"extension":{},"message":"Beginning execution of \"us-central1-api\""}}
[debug] [2025-06-19T05:23:29.758Z] [worker-us-central1-api-e4a587de-2c42-4e04-b7e0-326232dd613c]: BUSY {"metadata":{"emulator":{"name":"functions"},"function":{"name":"us-central1-api"},"extension":{},"message":"[worker-us-central1-api-e4a587de-2c42-4e04-b7e0-326232dd613c]: BUSY"}}
[debug] [2025-06-19T05:23:29.766Z] Finishing up request with event=pause {"metadata":{"emulator":{"name":"functions"},"function":{"name":"us-central1-api"},"extension":{},"message":"Finishing up request with event=pause"}}
[info] i  functions: Finished "us-central1-api" in 7.988458ms {"metadata":{"emulator":{"name":"functions"},"function":{"name":"us-central1-api"},"extension":{},"message":"Finished \"us-central1-api\" in 7.988458ms"}}
[debug] [2025-06-19T05:23:29.766Z] [worker-us-central1-api-e4a587de-2c42-4e04-b7e0-326232dd613c]: IDLE {"metadata":{"emulator":{"name":"functions"},"function":{"name":"us-central1-api"},"extension":{},"message":"[worker-us-central1-api-e4a587de-2c42-4e04-b7e0-326232dd613c]: IDLE"}}
[debug] [2025-06-19T05:23:29.766Z] Finishing up request with event=finish {"metadata":{"emulator":{"name":"functions"},"function":{"name":"us-central1-api"},"extension":{},"message":"Finishing up request with event=finish"}}
[debug] [2025-06-19T05:23:29.766Z] Finishing up request with event=close {"metadata":{"emulator":{"name":"functions"},"function":{"name":"us-central1-api"},"extension":{},"message":"Finishing up request with event=close"}}
[debug] [2025-06-19T05:23:29.766Z] [work-queue] {"queuedWork":[],"queueLength":0,"runningWork":[],"workRunningCount":0}
[debug] [2025-06-19T05:23:29.767Z] [work-queue] {"queuedWork":["/ezpage-127d9/us-central1/api/deploy-2025-06-19T05:23:29.767Z"],"queueLength":1,"runningWork":[],"workRunningCount":0}
[debug] [2025-06-19T05:23:29.767Z] [work-queue] {"queuedWork":[],"queueLength":0,"runningWork":["/ezpage-127d9/us-central1/api/deploy-2025-06-19T05:23:29.767Z"],"workRunningCount":1}
[debug] [2025-06-19T05:23:29.767Z] Accepted request POST /ezpage-127d9/us-central1/api/deploy --> us-central1-api
[debug] [2025-06-19T05:23:29.769Z] [functions] Runtime ready! Sending request! {"metadata":{"emulator":{"name":"functions"},"message":"[functions] Runtime ready! Sending request!"}}
[debug] [2025-06-19T05:23:29.770Z] [functions] Got req.url=/ezpage-127d9/us-central1/api/deploy, mapping to path=/deploy {"metadata":{"emulator":{"name":"functions"},"message":"[functions] Got req.url=/ezpage-127d9/us-central1/api/deploy, mapping to path=/deploy"}}
[debug] [2025-06-19T05:23:29.770Z] [worker-pool] submitRequest(triggerId=us-central1-api) {"metadata":{"emulator":{"name":"functions"},"message":"[worker-pool] submitRequest(triggerId=us-central1-api)"}}
[info] i  functions: Beginning execution of "us-central1-api" {"metadata":{"emulator":{"name":"functions"},"function":{"name":"us-central1-api"},"extension":{},"message":"Beginning execution of \"us-central1-api\""}}
[debug] [2025-06-19T05:23:29.770Z] [worker-us-central1-api-e4a587de-2c42-4e04-b7e0-326232dd613c]: BUSY {"metadata":{"emulator":{"name":"functions"},"function":{"name":"us-central1-api"},"extension":{},"message":"[worker-us-central1-api-e4a587de-2c42-4e04-b7e0-326232dd613c]: BUSY"}}
[debug] [2025-06-19T05:23:31.745Z] Finishing up request with event=pause {"metadata":{"emulator":{"name":"functions"},"function":{"name":"us-central1-api"},"extension":{},"message":"Finishing up request with event=pause"}}
[info] i  functions: Finished "us-central1-api" in 1975.761916ms {"metadata":{"emulator":{"name":"functions"},"function":{"name":"us-central1-api"},"extension":{},"message":"Finished \"us-central1-api\" in 1975.761916ms"}}
[debug] [2025-06-19T05:23:31.746Z] [worker-us-central1-api-e4a587de-2c42-4e04-b7e0-326232dd613c]: IDLE {"metadata":{"emulator":{"name":"functions"},"function":{"name":"us-central1-api"},"extension":{},"message":"[worker-us-central1-api-e4a587de-2c42-4e04-b7e0-326232dd613c]: IDLE"}}
[debug] [2025-06-19T05:23:31.746Z] Finishing up request with event=finish {"metadata":{"emulator":{"name":"functions"},"function":{"name":"us-central1-api"},"extension":{},"message":"Finishing up request with event=finish"}}
[debug] [2025-06-19T05:23:31.746Z] Finishing up request with event=close {"metadata":{"emulator":{"name":"functions"},"function":{"name":"us-central1-api"},"extension":{},"message":"Finishing up request with event=close"}}
[debug] [2025-06-19T05:23:31.746Z] [work-queue] {"queuedWork":[],"queueLength":0,"runningWork":[],"workRunningCount":0}
[debug] [2025-06-19T05:23:31.749Z] [work-queue] {"queuedWork":["/ezpage-127d9/us-central1/api/repositories-2025-06-19T05:23:31.749Z"],"queueLength":1,"runningWork":[],"workRunningCount":0}
[debug] [2025-06-19T05:23:31.749Z] [work-queue] {"queuedWork":[],"queueLength":0,"runningWork":["/ezpage-127d9/us-central1/api/repositories-2025-06-19T05:23:31.749Z"],"workRunningCount":1}
[debug] [2025-06-19T05:23:31.749Z] Accepted request OPTIONS /ezpage-127d9/us-central1/api/repositories --> us-central1-api
[debug] [2025-06-19T05:23:31.750Z] [functions] Runtime ready! Sending request! {"metadata":{"emulator":{"name":"functions"},"message":"[functions] Runtime ready! Sending request!"}}
[debug] [2025-06-19T05:23:31.750Z] [functions] Got req.url=/ezpage-127d9/us-central1/api/repositories, mapping to path=/repositories {"metadata":{"emulator":{"name":"functions"},"message":"[functions] Got req.url=/ezpage-127d9/us-central1/api/repositories, mapping to path=/repositories"}}
[debug] [2025-06-19T05:23:31.750Z] [worker-pool] submitRequest(triggerId=us-central1-api) {"metadata":{"emulator":{"name":"functions"},"message":"[worker-pool] submitRequest(triggerId=us-central1-api)"}}
[info] i  functions: Beginning execution of "us-central1-api" {"metadata":{"emulator":{"name":"functions"},"function":{"name":"us-central1-api"},"extension":{},"message":"Beginning execution of \"us-central1-api\""}}
[debug] [2025-06-19T05:23:31.751Z] [worker-us-central1-api-e4a587de-2c42-4e04-b7e0-326232dd613c]: BUSY {"metadata":{"emulator":{"name":"functions"},"function":{"name":"us-central1-api"},"extension":{},"message":"[worker-us-central1-api-e4a587de-2c42-4e04-b7e0-326232dd613c]: BUSY"}}
[debug] [2025-06-19T05:23:31.753Z] Finishing up request with event=pause {"metadata":{"emulator":{"name":"functions"},"function":{"name":"us-central1-api"},"extension":{},"message":"Finishing up request with event=pause"}}
[info] i  functions: Finished "us-central1-api" in 2.112917ms {"metadata":{"emulator":{"name":"functions"},"function":{"name":"us-central1-api"},"extension":{},"message":"Finished \"us-central1-api\" in 2.112917ms"}}
[debug] [2025-06-19T05:23:31.753Z] [worker-us-central1-api-e4a587de-2c42-4e04-b7e0-326232dd613c]: IDLE {"metadata":{"emulator":{"name":"functions"},"function":{"name":"us-central1-api"},"extension":{},"message":"[worker-us-central1-api-e4a587de-2c42-4e04-b7e0-326232dd613c]: IDLE"}}
[debug] [2025-06-19T05:23:31.753Z] Finishing up request with event=finish {"metadata":{"emulator":{"name":"functions"},"function":{"name":"us-central1-api"},"extension":{},"message":"Finishing up request with event=finish"}}
[debug] [2025-06-19T05:23:31.753Z] Finishing up request with event=close {"metadata":{"emulator":{"name":"functions"},"function":{"name":"us-central1-api"},"extension":{},"message":"Finishing up request with event=close"}}
[debug] [2025-06-19T05:23:31.753Z] [work-queue] {"queuedWork":[],"queueLength":0,"runningWork":[],"workRunningCount":0}
[debug] [2025-06-19T05:23:31.754Z] [work-queue] {"queuedWork":["/ezpage-127d9/us-central1/api/repositories-2025-06-19T05:23:31.754Z"],"queueLength":1,"runningWork":[],"workRunningCount":0}
[debug] [2025-06-19T05:23:31.755Z] [work-queue] {"queuedWork":[],"queueLength":0,"runningWork":["/ezpage-127d9/us-central1/api/repositories-2025-06-19T05:23:31.754Z"],"workRunningCount":1}
[debug] [2025-06-19T05:23:31.755Z] Accepted request GET /ezpage-127d9/us-central1/api/repositories --> us-central1-api
[debug] [2025-06-19T05:23:31.756Z] [functions] Runtime ready! Sending request! {"metadata":{"emulator":{"name":"functions"},"message":"[functions] Runtime ready! Sending request!"}}
[debug] [2025-06-19T05:23:31.756Z] [functions] Got req.url=/ezpage-127d9/us-central1/api/repositories, mapping to path=/repositories {"metadata":{"emulator":{"name":"functions"},"message":"[functions] Got req.url=/ezpage-127d9/us-central1/api/repositories, mapping to path=/repositories"}}
[debug] [2025-06-19T05:23:31.756Z] [worker-pool] submitRequest(triggerId=us-central1-api) {"metadata":{"emulator":{"name":"functions"},"message":"[worker-pool] submitRequest(triggerId=us-central1-api)"}}
[info] i  functions: Beginning execution of "us-central1-api" {"metadata":{"emulator":{"name":"functions"},"function":{"name":"us-central1-api"},"extension":{},"message":"Beginning execution of \"us-central1-api\""}}
[debug] [2025-06-19T05:23:31.757Z] [worker-us-central1-api-e4a587de-2c42-4e04-b7e0-326232dd613c]: BUSY {"metadata":{"emulator":{"name":"functions"},"function":{"name":"us-central1-api"},"extension":{},"message":"[worker-us-central1-api-e4a587de-2c42-4e04-b7e0-326232dd613c]: BUSY"}}
[info] >  開始獲取用戶的 GitHub repositories... {"user":"開始獲取用戶的 GitHub repositories...","metadata":{"emulator":{"name":"functions"},"function":{"name":"us-central1-api"},"extension":{},"message":"\u001b[90m> \u001b[39m 開始獲取用戶的 GitHub repositories..."}}
[info] >  Token: 存在 {"user":"Token: 存在","metadata":{"emulator":{"name":"functions"},"function":{"name":"us-central1-api"},"extension":{},"message":"\u001b[90m> \u001b[39m Token: 存在"}}
[info] >  獲取到 repositories 數量: 2 {"user":"獲取到 repositories 數量: 2","metadata":{"emulator":{"name":"functions"},"function":{"name":"us-central1-api"},"extension":{},"message":"\u001b[90m> \u001b[39m 獲取到 repositories 數量: 2"}}
[info] >  最終回傳資料: 2 個 repositories {"user":"最終回傳資料: 2 個 repositories","metadata":{"emulator":{"name":"functions"},"function":{"name":"us-central1-api"},"extension":{},"message":"\u001b[90m> \u001b[39m 最終回傳資料: 2 個 repositories"}}
[debug] [2025-06-19T05:23:32.074Z] Finishing up request with event=pause {"metadata":{"emulator":{"name":"functions"},"function":{"name":"us-central1-api"},"extension":{},"message":"Finishing up request with event=pause"}}
[info] i  functions: Finished "us-central1-api" in 317.714209ms {"metadata":{"emulator":{"name":"functions"},"function":{"name":"us-central1-api"},"extension":{},"message":"Finished \"us-central1-api\" in 317.714209ms"}}
[debug] [2025-06-19T05:23:32.075Z] [worker-us-central1-api-e4a587de-2c42-4e04-b7e0-326232dd613c]: IDLE {"metadata":{"emulator":{"name":"functions"},"function":{"name":"us-central1-api"},"extension":{},"message":"[worker-us-central1-api-e4a587de-2c42-4e04-b7e0-326232dd613c]: IDLE"}}
[debug] [2025-06-19T05:23:32.075Z] Finishing up request with event=finish {"metadata":{"emulator":{"name":"functions"},"function":{"name":"us-central1-api"},"extension":{},"message":"Finishing up request with event=finish"}}
[debug] [2025-06-19T05:23:32.075Z] Finishing up request with event=close {"metadata":{"emulator":{"name":"functions"},"function":{"name":"us-central1-api"},"extension":{},"message":"Finishing up request with event=close"}}
[debug] [2025-06-19T05:23:32.075Z] [work-queue] {"queuedWork":[],"queueLength":0,"runningWork":[],"workRunningCount":0}
[debug] [2025-06-19T05:37:07.171Z] [work-queue] {"queuedWork":["/ezpage-127d9/us-central1/api/repositories-2025-06-19T05:37:07.169Z"],"queueLength":1,"runningWork":[],"workRunningCount":0}
[debug] [2025-06-19T05:37:07.173Z] [work-queue] {"queuedWork":[],"queueLength":0,"runningWork":["/ezpage-127d9/us-central1/api/repositories-2025-06-19T05:37:07.169Z"],"workRunningCount":1}
[debug] [2025-06-19T05:37:07.173Z] Accepted request OPTIONS /ezpage-127d9/us-central1/api/repositories --> us-central1-api
[debug] [2025-06-19T05:37:07.176Z] [functions] Runtime ready! Sending request! {"metadata":{"emulator":{"name":"functions"},"message":"[functions] Runtime ready! Sending request!"}}
[debug] [2025-06-19T05:37:07.176Z] [functions] Got req.url=/ezpage-127d9/us-central1/api/repositories, mapping to path=/repositories {"metadata":{"emulator":{"name":"functions"},"message":"[functions] Got req.url=/ezpage-127d9/us-central1/api/repositories, mapping to path=/repositories"}}
[debug] [2025-06-19T05:37:07.176Z] [worker-pool] submitRequest(triggerId=us-central1-api) {"metadata":{"emulator":{"name":"functions"},"message":"[worker-pool] submitRequest(triggerId=us-central1-api)"}}
[info] i  functions: Beginning execution of "us-central1-api" {"metadata":{"emulator":{"name":"functions"},"function":{"name":"us-central1-api"},"extension":{},"message":"Beginning execution of \"us-central1-api\""}}
[debug] [2025-06-19T05:37:07.176Z] [worker-us-central1-api-e4a587de-2c42-4e04-b7e0-326232dd613c]: BUSY {"metadata":{"emulator":{"name":"functions"},"function":{"name":"us-central1-api"},"extension":{},"message":"[worker-us-central1-api-e4a587de-2c42-4e04-b7e0-326232dd613c]: BUSY"}}
[debug] [2025-06-19T05:37:07.181Z] Finishing up request with event=pause {"metadata":{"emulator":{"name":"functions"},"function":{"name":"us-central1-api"},"extension":{},"message":"Finishing up request with event=pause"}}
[info] i  functions: Finished "us-central1-api" in 4.346208ms {"metadata":{"emulator":{"name":"functions"},"function":{"name":"us-central1-api"},"extension":{},"message":"Finished \"us-central1-api\" in 4.346208ms"}}
[debug] [2025-06-19T05:37:07.181Z] [worker-us-central1-api-e4a587de-2c42-4e04-b7e0-326232dd613c]: IDLE {"metadata":{"emulator":{"name":"functions"},"function":{"name":"us-central1-api"},"extension":{},"message":"[worker-us-central1-api-e4a587de-2c42-4e04-b7e0-326232dd613c]: IDLE"}}
[debug] [2025-06-19T05:37:07.181Z] Finishing up request with event=finish {"metadata":{"emulator":{"name":"functions"},"function":{"name":"us-central1-api"},"extension":{},"message":"Finishing up request with event=finish"}}
[debug] [2025-06-19T05:37:07.181Z] Finishing up request with event=close {"metadata":{"emulator":{"name":"functions"},"function":{"name":"us-central1-api"},"extension":{},"message":"Finishing up request with event=close"}}
[debug] [2025-06-19T05:37:07.181Z] [work-queue] {"queuedWork":[],"queueLength":0,"runningWork":[],"workRunningCount":0}
[debug] [2025-06-19T05:37:07.182Z] [work-queue] {"queuedWork":["/ezpage-127d9/us-central1/api/repositories-2025-06-19T05:37:07.182Z"],"queueLength":1,"runningWork":[],"workRunningCount":0}
[debug] [2025-06-19T05:37:07.182Z] [work-queue] {"queuedWork":[],"queueLength":0,"runningWork":["/ezpage-127d9/us-central1/api/repositories-2025-06-19T05:37:07.182Z"],"workRunningCount":1}
[debug] [2025-06-19T05:37:07.182Z] Accepted request GET /ezpage-127d9/us-central1/api/repositories --> us-central1-api
[debug] [2025-06-19T05:37:07.183Z] [functions] Runtime ready! Sending request! {"metadata":{"emulator":{"name":"functions"},"message":"[functions] Runtime ready! Sending request!"}}
[debug] [2025-06-19T05:37:07.183Z] [functions] Got req.url=/ezpage-127d9/us-central1/api/repositories, mapping to path=/repositories {"metadata":{"emulator":{"name":"functions"},"message":"[functions] Got req.url=/ezpage-127d9/us-central1/api/repositories, mapping to path=/repositories"}}
[debug] [2025-06-19T05:37:07.183Z] [worker-pool] submitRequest(triggerId=us-central1-api) {"metadata":{"emulator":{"name":"functions"},"message":"[worker-pool] submitRequest(triggerId=us-central1-api)"}}
[info] i  functions: Beginning execution of "us-central1-api" {"metadata":{"emulator":{"name":"functions"},"function":{"name":"us-central1-api"},"extension":{},"message":"Beginning execution of \"us-central1-api\""}}
[debug] [2025-06-19T05:37:07.184Z] [worker-us-central1-api-e4a587de-2c42-4e04-b7e0-326232dd613c]: BUSY {"metadata":{"emulator":{"name":"functions"},"function":{"name":"us-central1-api"},"extension":{},"message":"[worker-us-central1-api-e4a587de-2c42-4e04-b7e0-326232dd613c]: BUSY"}}
[info] >  開始獲取用戶的 GitHub repositories... {"user":"開始獲取用戶的 GitHub repositories...","metadata":{"emulator":{"name":"functions"},"function":{"name":"us-central1-api"},"extension":{},"message":"\u001b[90m> \u001b[39m 開始獲取用戶的 GitHub repositories..."}}
[info] >  Token: 存在 {"user":"Token: 存在","metadata":{"emulator":{"name":"functions"},"function":{"name":"us-central1-api"},"extension":{},"message":"\u001b[90m> \u001b[39m Token: 存在"}}
[info] >  獲取到 repositories 數量: 2 {"user":"獲取到 repositories 數量: 2","metadata":{"emulator":{"name":"functions"},"function":{"name":"us-central1-api"},"extension":{},"message":"\u001b[90m> \u001b[39m 獲取到 repositories 數量: 2"}}
[info] >  最終回傳資料: 2 個 repositories {"user":"最終回傳資料: 2 個 repositories","metadata":{"emulator":{"name":"functions"},"function":{"name":"us-central1-api"},"extension":{},"message":"\u001b[90m> \u001b[39m 最終回傳資料: 2 個 repositories"}}
[debug] [2025-06-19T05:37:07.569Z] Finishing up request with event=pause {"metadata":{"emulator":{"name":"functions"},"function":{"name":"us-central1-api"},"extension":{},"message":"Finishing up request with event=pause"}}
[info] i  functions: Finished "us-central1-api" in 385.009792ms {"metadata":{"emulator":{"name":"functions"},"function":{"name":"us-central1-api"},"extension":{},"message":"Finished \"us-central1-api\" in 385.009792ms"}}
[debug] [2025-06-19T05:37:07.570Z] [worker-us-central1-api-e4a587de-2c42-4e04-b7e0-326232dd613c]: IDLE {"metadata":{"emulator":{"name":"functions"},"function":{"name":"us-central1-api"},"extension":{},"message":"[worker-us-central1-api-e4a587de-2c42-4e04-b7e0-326232dd613c]: IDLE"}}
[debug] [2025-06-19T05:37:07.571Z] Finishing up request with event=finish {"metadata":{"emulator":{"name":"functions"},"function":{"name":"us-central1-api"},"extension":{},"message":"Finishing up request with event=finish"}}
[debug] [2025-06-19T05:37:07.571Z] Finishing up request with event=close {"metadata":{"emulator":{"name":"functions"},"function":{"name":"us-central1-api"},"extension":{},"message":"Finishing up request with event=close"}}
[debug] [2025-06-19T05:37:07.571Z] [work-queue] {"queuedWork":[],"queueLength":0,"runningWork":[],"workRunningCount":0}
[debug] [2025-06-19T05:42:02.036Z] [work-queue] {"queuedWork":["/ezpage-127d9/us-central1/api/repositories/ezpage-2025-06-19T05:42:02.036Z"],"queueLength":1,"runningWork":[],"workRunningCount":0}
[debug] [2025-06-19T05:42:02.037Z] [work-queue] {"queuedWork":[],"queueLength":0,"runningWork":["/ezpage-127d9/us-central1/api/repositories/ezpage-2025-06-19T05:42:02.036Z"],"workRunningCount":1}
[debug] [2025-06-19T05:42:02.037Z] Accepted request OPTIONS /ezpage-127d9/us-central1/api/repositories/ezpage --> us-central1-api
[debug] [2025-06-19T05:42:02.041Z] [functions] Runtime ready! Sending request! {"metadata":{"emulator":{"name":"functions"},"message":"[functions] Runtime ready! Sending request!"}}
[debug] [2025-06-19T05:42:02.042Z] [functions] Got req.url=/ezpage-127d9/us-central1/api/repositories/ezpage, mapping to path=/repositories/ezpage {"metadata":{"emulator":{"name":"functions"},"message":"[functions] Got req.url=/ezpage-127d9/us-central1/api/repositories/ezpage, mapping to path=/repositories/ezpage"}}
[debug] [2025-06-19T05:42:02.042Z] [worker-pool] submitRequest(triggerId=us-central1-api) {"metadata":{"emulator":{"name":"functions"},"message":"[worker-pool] submitRequest(triggerId=us-central1-api)"}}
[info] i  functions: Beginning execution of "us-central1-api" {"metadata":{"emulator":{"name":"functions"},"function":{"name":"us-central1-api"},"extension":{},"message":"Beginning execution of \"us-central1-api\""}}
[debug] [2025-06-19T05:42:02.042Z] [worker-us-central1-api-e4a587de-2c42-4e04-b7e0-326232dd613c]: BUSY {"metadata":{"emulator":{"name":"functions"},"function":{"name":"us-central1-api"},"extension":{},"message":"[worker-us-central1-api-e4a587de-2c42-4e04-b7e0-326232dd613c]: BUSY"}}
[debug] [2025-06-19T05:42:02.046Z] Finishing up request with event=pause {"metadata":{"emulator":{"name":"functions"},"function":{"name":"us-central1-api"},"extension":{},"message":"Finishing up request with event=pause"}}
[info] i  functions: Finished "us-central1-api" in 3.637834ms {"metadata":{"emulator":{"name":"functions"},"function":{"name":"us-central1-api"},"extension":{},"message":"Finished \"us-central1-api\" in 3.637834ms"}}
[debug] [2025-06-19T05:42:02.046Z] [worker-us-central1-api-e4a587de-2c42-4e04-b7e0-326232dd613c]: IDLE {"metadata":{"emulator":{"name":"functions"},"function":{"name":"us-central1-api"},"extension":{},"message":"[worker-us-central1-api-e4a587de-2c42-4e04-b7e0-326232dd613c]: IDLE"}}
[debug] [2025-06-19T05:42:02.046Z] Finishing up request with event=finish {"metadata":{"emulator":{"name":"functions"},"function":{"name":"us-central1-api"},"extension":{},"message":"Finishing up request with event=finish"}}
[debug] [2025-06-19T05:42:02.046Z] Finishing up request with event=close {"metadata":{"emulator":{"name":"functions"},"function":{"name":"us-central1-api"},"extension":{},"message":"Finishing up request with event=close"}}
[debug] [2025-06-19T05:42:02.046Z] [work-queue] {"queuedWork":[],"queueLength":0,"runningWork":[],"workRunningCount":0}
[debug] [2025-06-19T05:42:02.047Z] [work-queue] {"queuedWork":["/ezpage-127d9/us-central1/api/repositories/ezpage-2025-06-19T05:42:02.047Z"],"queueLength":1,"runningWork":[],"workRunningCount":0}
[debug] [2025-06-19T05:42:02.047Z] [work-queue] {"queuedWork":[],"queueLength":0,"runningWork":["/ezpage-127d9/us-central1/api/repositories/ezpage-2025-06-19T05:42:02.047Z"],"workRunningCount":1}
[debug] [2025-06-19T05:42:02.047Z] Accepted request DELETE /ezpage-127d9/us-central1/api/repositories/ezpage --> us-central1-api
[debug] [2025-06-19T05:42:02.050Z] [functions] Runtime ready! Sending request! {"metadata":{"emulator":{"name":"functions"},"message":"[functions] Runtime ready! Sending request!"}}
[debug] [2025-06-19T05:42:02.050Z] [functions] Got req.url=/ezpage-127d9/us-central1/api/repositories/ezpage, mapping to path=/repositories/ezpage {"metadata":{"emulator":{"name":"functions"},"message":"[functions] Got req.url=/ezpage-127d9/us-central1/api/repositories/ezpage, mapping to path=/repositories/ezpage"}}
[debug] [2025-06-19T05:42:02.050Z] [worker-pool] submitRequest(triggerId=us-central1-api) {"metadata":{"emulator":{"name":"functions"},"message":"[worker-pool] submitRequest(triggerId=us-central1-api)"}}
[info] i  functions: Beginning execution of "us-central1-api" {"metadata":{"emulator":{"name":"functions"},"function":{"name":"us-central1-api"},"extension":{},"message":"Beginning execution of \"us-central1-api\""}}
[debug] [2025-06-19T05:42:02.051Z] [worker-us-central1-api-e4a587de-2c42-4e04-b7e0-326232dd613c]: BUSY {"metadata":{"emulator":{"name":"functions"},"function":{"name":"us-central1-api"},"extension":{},"message":"[worker-us-central1-api-e4a587de-2c42-4e04-b7e0-326232dd613c]: BUSY"}}
[info] >  開始刪除 GitHub repository... {"user":"開始刪除 GitHub repository...","metadata":{"emulator":{"name":"functions"},"function":{"name":"us-central1-api"},"extension":{},"message":"\u001b[90m> \u001b[39m 開始刪除 GitHub repository..."}}
[info] >  要刪除的 repository: ezpage {"user":"要刪除的 repository: ezpage","metadata":{"emulator":{"name":"functions"},"function":{"name":"us-central1-api"},"extension":{},"message":"\u001b[90m> \u001b[39m 要刪除的 repository: ezpage"}}
[info] >  Repository 刪除成功: ezpage {"user":"Repository 刪除成功: ezpage","metadata":{"emulator":{"name":"functions"},"function":{"name":"us-central1-api"},"extension":{},"message":"\u001b[90m> \u001b[39m Repository 刪除成功: ezpage"}}
[debug] [2025-06-19T05:42:03.461Z] Finishing up request with event=pause {"metadata":{"emulator":{"name":"functions"},"function":{"name":"us-central1-api"},"extension":{},"message":"Finishing up request with event=pause"}}
[info] i  functions: Finished "us-central1-api" in 1411.306709ms {"metadata":{"emulator":{"name":"functions"},"function":{"name":"us-central1-api"},"extension":{},"message":"Finished \"us-central1-api\" in 1411.306709ms"}}
[debug] [2025-06-19T05:42:03.463Z] [worker-us-central1-api-e4a587de-2c42-4e04-b7e0-326232dd613c]: IDLE {"metadata":{"emulator":{"name":"functions"},"function":{"name":"us-central1-api"},"extension":{},"message":"[worker-us-central1-api-e4a587de-2c42-4e04-b7e0-326232dd613c]: IDLE"}}
[debug] [2025-06-19T05:42:03.463Z] Finishing up request with event=finish {"metadata":{"emulator":{"name":"functions"},"function":{"name":"us-central1-api"},"extension":{},"message":"Finishing up request with event=finish"}}
[debug] [2025-06-19T05:42:03.466Z] Finishing up request with event=close {"metadata":{"emulator":{"name":"functions"},"function":{"name":"us-central1-api"},"extension":{},"message":"Finishing up request with event=close"}}
[debug] [2025-06-19T05:42:03.466Z] [work-queue] {"queuedWork":[],"queueLength":0,"runningWork":[],"workRunningCount":0}
[debug] [2025-06-19T05:42:05.018Z] [work-queue] {"queuedWork":["/ezpage-127d9/us-central1/api/repositories-2025-06-19T05:42:05.018Z"],"queueLength":1,"runningWork":[],"workRunningCount":0}
[debug] [2025-06-19T05:42:05.018Z] [work-queue] {"queuedWork":[],"queueLength":0,"runningWork":["/ezpage-127d9/us-central1/api/repositories-2025-06-19T05:42:05.018Z"],"workRunningCount":1}
[debug] [2025-06-19T05:42:05.018Z] Accepted request OPTIONS /ezpage-127d9/us-central1/api/repositories --> us-central1-api
[debug] [2025-06-19T05:42:05.018Z] [functions] Runtime ready! Sending request! {"metadata":{"emulator":{"name":"functions"},"message":"[functions] Runtime ready! Sending request!"}}
[debug] [2025-06-19T05:42:05.018Z] [functions] Got req.url=/ezpage-127d9/us-central1/api/repositories, mapping to path=/repositories {"metadata":{"emulator":{"name":"functions"},"message":"[functions] Got req.url=/ezpage-127d9/us-central1/api/repositories, mapping to path=/repositories"}}
[debug] [2025-06-19T05:42:05.018Z] [worker-pool] submitRequest(triggerId=us-central1-api) {"metadata":{"emulator":{"name":"functions"},"message":"[worker-pool] submitRequest(triggerId=us-central1-api)"}}
[info] i  functions: Beginning execution of "us-central1-api" {"metadata":{"emulator":{"name":"functions"},"function":{"name":"us-central1-api"},"extension":{},"message":"Beginning execution of \"us-central1-api\""}}
[debug] [2025-06-19T05:42:05.019Z] [worker-us-central1-api-e4a587de-2c42-4e04-b7e0-326232dd613c]: BUSY {"metadata":{"emulator":{"name":"functions"},"function":{"name":"us-central1-api"},"extension":{},"message":"[worker-us-central1-api-e4a587de-2c42-4e04-b7e0-326232dd613c]: BUSY"}}
[debug] [2025-06-19T05:42:05.020Z] Finishing up request with event=pause {"metadata":{"emulator":{"name":"functions"},"function":{"name":"us-central1-api"},"extension":{},"message":"Finishing up request with event=pause"}}
[info] i  functions: Finished "us-central1-api" in 5.916958ms {"metadata":{"emulator":{"name":"functions"},"function":{"name":"us-central1-api"},"extension":{},"message":"Finished \"us-central1-api\" in 5.916958ms"}}
[debug] [2025-06-19T05:42:05.025Z] [worker-us-central1-api-e4a587de-2c42-4e04-b7e0-326232dd613c]: IDLE {"metadata":{"emulator":{"name":"functions"},"function":{"name":"us-central1-api"},"extension":{},"message":"[worker-us-central1-api-e4a587de-2c42-4e04-b7e0-326232dd613c]: IDLE"}}
[debug] [2025-06-19T05:42:05.025Z] Finishing up request with event=finish {"metadata":{"emulator":{"name":"functions"},"function":{"name":"us-central1-api"},"extension":{},"message":"Finishing up request with event=finish"}}
[debug] [2025-06-19T05:42:05.025Z] Finishing up request with event=close {"metadata":{"emulator":{"name":"functions"},"function":{"name":"us-central1-api"},"extension":{},"message":"Finishing up request with event=close"}}
[debug] [2025-06-19T05:42:05.025Z] [work-queue] {"queuedWork":[],"queueLength":0,"runningWork":[],"workRunningCount":0}
[debug] [2025-06-19T05:42:05.026Z] [work-queue] {"queuedWork":["/ezpage-127d9/us-central1/api/repositories-2025-06-19T05:42:05.026Z"],"queueLength":1,"runningWork":[],"workRunningCount":0}
[debug] [2025-06-19T05:42:05.026Z] [work-queue] {"queuedWork":[],"queueLength":0,"runningWork":["/ezpage-127d9/us-central1/api/repositories-2025-06-19T05:42:05.026Z"],"workRunningCount":1}
[debug] [2025-06-19T05:42:05.026Z] Accepted request GET /ezpage-127d9/us-central1/api/repositories --> us-central1-api
[debug] [2025-06-19T05:42:05.026Z] [functions] Runtime ready! Sending request! {"metadata":{"emulator":{"name":"functions"},"message":"[functions] Runtime ready! Sending request!"}}
[debug] [2025-06-19T05:42:05.027Z] [functions] Got req.url=/ezpage-127d9/us-central1/api/repositories, mapping to path=/repositories {"metadata":{"emulator":{"name":"functions"},"message":"[functions] Got req.url=/ezpage-127d9/us-central1/api/repositories, mapping to path=/repositories"}}
[debug] [2025-06-19T05:42:05.027Z] [worker-pool] submitRequest(triggerId=us-central1-api) {"metadata":{"emulator":{"name":"functions"},"message":"[worker-pool] submitRequest(triggerId=us-central1-api)"}}
[info] i  functions: Beginning execution of "us-central1-api" {"metadata":{"emulator":{"name":"functions"},"function":{"name":"us-central1-api"},"extension":{},"message":"Beginning execution of \"us-central1-api\""}}
[debug] [2025-06-19T05:42:05.027Z] [worker-us-central1-api-e4a587de-2c42-4e04-b7e0-326232dd613c]: BUSY {"metadata":{"emulator":{"name":"functions"},"function":{"name":"us-central1-api"},"extension":{},"message":"[worker-us-central1-api-e4a587de-2c42-4e04-b7e0-326232dd613c]: BUSY"}}
[info] >  開始獲取用戶的 GitHub repositories... {"user":"開始獲取用戶的 GitHub repositories...","metadata":{"emulator":{"name":"functions"},"function":{"name":"us-central1-api"},"extension":{},"message":"\u001b[90m> \u001b[39m 開始獲取用戶的 GitHub repositories..."}}
[info] >  Token: 存在 {"user":"Token: 存在","metadata":{"emulator":{"name":"functions"},"function":{"name":"us-central1-api"},"extension":{},"message":"\u001b[90m> \u001b[39m Token: 存在"}}
[info] >  獲取到 repositories 數量: 1 {"user":"獲取到 repositories 數量: 1","metadata":{"emulator":{"name":"functions"},"function":{"name":"us-central1-api"},"extension":{},"message":"\u001b[90m> \u001b[39m 獲取到 repositories 數量: 1"}}
[info] >  最終回傳資料: 1 個 repositories {"user":"最終回傳資料: 1 個 repositories","metadata":{"emulator":{"name":"functions"},"function":{"name":"us-central1-api"},"extension":{},"message":"\u001b[90m> \u001b[39m 最終回傳資料: 1 個 repositories"}}
[debug] [2025-06-19T05:42:05.340Z] Finishing up request with event=pause {"metadata":{"emulator":{"name":"functions"},"function":{"name":"us-central1-api"},"extension":{},"message":"Finishing up request with event=pause"}}
[info] i  functions: Finished "us-central1-api" in 313.053583ms {"metadata":{"emulator":{"name":"functions"},"function":{"name":"us-central1-api"},"extension":{},"message":"Finished \"us-central1-api\" in 313.053583ms"}}
[debug] [2025-06-19T05:42:05.340Z] [worker-us-central1-api-e4a587de-2c42-4e04-b7e0-326232dd613c]: IDLE {"metadata":{"emulator":{"name":"functions"},"function":{"name":"us-central1-api"},"extension":{},"message":"[worker-us-central1-api-e4a587de-2c42-4e04-b7e0-326232dd613c]: IDLE"}}
[debug] [2025-06-19T05:42:05.341Z] Finishing up request with event=finish {"metadata":{"emulator":{"name":"functions"},"function":{"name":"us-central1-api"},"extension":{},"message":"Finishing up request with event=finish"}}
[debug] [2025-06-19T05:42:05.341Z] Finishing up request with event=close {"metadata":{"emulator":{"name":"functions"},"function":{"name":"us-central1-api"},"extension":{},"message":"Finishing up request with event=close"}}
[debug] [2025-06-19T05:42:05.342Z] [work-queue] {"queuedWork":[],"queueLength":0,"runningWork":[],"workRunningCount":0}
[debug] [2025-06-19T05:55:43.061Z] [work-queue] {"queuedWork":["/ezpage-127d9/us-central1/api/auth/callback-2025-06-19T05:55:43.060Z"],"queueLength":1,"runningWork":[],"workRunningCount":0}
[debug] [2025-06-19T05:55:43.062Z] [work-queue] {"queuedWork":[],"queueLength":0,"runningWork":["/ezpage-127d9/us-central1/api/auth/callback-2025-06-19T05:55:43.060Z"],"workRunningCount":1}
[debug] [2025-06-19T05:55:43.062Z] Accepted request GET /ezpage-127d9/us-central1/api/auth/callback?code=d32d2aa8e4aad5d68cd7 --> us-central1-api
[debug] [2025-06-19T05:55:43.068Z] [functions] Runtime ready! Sending request! {"metadata":{"emulator":{"name":"functions"},"message":"[functions] Runtime ready! Sending request!"}}
[debug] [2025-06-19T05:55:43.068Z] [functions] Got req.url=/ezpage-127d9/us-central1/api/auth/callback?code=d32d2aa8e4aad5d68cd7, mapping to path=/auth/callback?code=d32d2aa8e4aad5d68cd7 {"metadata":{"emulator":{"name":"functions"},"message":"[functions] Got req.url=/ezpage-127d9/us-central1/api/auth/callback?code=d32d2aa8e4aad5d68cd7, mapping to path=/auth/callback?code=d32d2aa8e4aad5d68cd7"}}
[debug] [2025-06-19T05:55:43.068Z] [worker-pool] submitRequest(triggerId=us-central1-api) {"metadata":{"emulator":{"name":"functions"},"message":"[worker-pool] submitRequest(triggerId=us-central1-api)"}}
[info] i  functions: Beginning execution of "us-central1-api" {"metadata":{"emulator":{"name":"functions"},"function":{"name":"us-central1-api"},"extension":{},"message":"Beginning execution of \"us-central1-api\""}}
[debug] [2025-06-19T05:55:43.069Z] [worker-us-central1-api-e4a587de-2c42-4e04-b7e0-326232dd613c]: BUSY {"metadata":{"emulator":{"name":"functions"},"function":{"name":"us-central1-api"},"extension":{},"message":"[worker-us-central1-api-e4a587de-2c42-4e04-b7e0-326232dd613c]: BUSY"}}
[debug] [2025-06-19T05:55:44.050Z] Finishing up request with event=pause {"metadata":{"emulator":{"name":"functions"},"function":{"name":"us-central1-api"},"extension":{},"message":"Finishing up request with event=pause"}}
[info] i  functions: Finished "us-central1-api" in 980.903834ms {"metadata":{"emulator":{"name":"functions"},"function":{"name":"us-central1-api"},"extension":{},"message":"Finished \"us-central1-api\" in 980.903834ms"}}
[debug] [2025-06-19T05:55:44.051Z] [worker-us-central1-api-e4a587de-2c42-4e04-b7e0-326232dd613c]: IDLE {"metadata":{"emulator":{"name":"functions"},"function":{"name":"us-central1-api"},"extension":{},"message":"[worker-us-central1-api-e4a587de-2c42-4e04-b7e0-326232dd613c]: IDLE"}}
[debug] [2025-06-19T05:55:44.051Z] Finishing up request with event=finish {"metadata":{"emulator":{"name":"functions"},"function":{"name":"us-central1-api"},"extension":{},"message":"Finishing up request with event=finish"}}
[debug] [2025-06-19T05:55:44.051Z] Finishing up request with event=close {"metadata":{"emulator":{"name":"functions"},"function":{"name":"us-central1-api"},"extension":{},"message":"Finishing up request with event=close"}}
[debug] [2025-06-19T05:55:44.051Z] [work-queue] {"queuedWork":[],"queueLength":0,"runningWork":[],"workRunningCount":0}
[debug] [2025-06-19T05:55:44.081Z] [work-queue] {"queuedWork":["/ezpage-127d9/us-central1/api/repositories-2025-06-19T05:55:44.081Z"],"queueLength":1,"runningWork":[],"workRunningCount":0}
[debug] [2025-06-19T05:55:44.081Z] [work-queue] {"queuedWork":[],"queueLength":0,"runningWork":["/ezpage-127d9/us-central1/api/repositories-2025-06-19T05:55:44.081Z"],"workRunningCount":1}
[debug] [2025-06-19T05:55:44.081Z] Accepted request OPTIONS /ezpage-127d9/us-central1/api/repositories --> us-central1-api
[debug] [2025-06-19T05:55:44.081Z] [functions] Runtime ready! Sending request! {"metadata":{"emulator":{"name":"functions"},"message":"[functions] Runtime ready! Sending request!"}}
[debug] [2025-06-19T05:55:44.081Z] [functions] Got req.url=/ezpage-127d9/us-central1/api/repositories, mapping to path=/repositories {"metadata":{"emulator":{"name":"functions"},"message":"[functions] Got req.url=/ezpage-127d9/us-central1/api/repositories, mapping to path=/repositories"}}
[debug] [2025-06-19T05:55:44.081Z] [worker-pool] submitRequest(triggerId=us-central1-api) {"metadata":{"emulator":{"name":"functions"},"message":"[worker-pool] submitRequest(triggerId=us-central1-api)"}}
[info] i  functions: Beginning execution of "us-central1-api" {"metadata":{"emulator":{"name":"functions"},"function":{"name":"us-central1-api"},"extension":{},"message":"Beginning execution of \"us-central1-api\""}}
[debug] [2025-06-19T05:55:44.082Z] [worker-us-central1-api-e4a587de-2c42-4e04-b7e0-326232dd613c]: BUSY {"metadata":{"emulator":{"name":"functions"},"function":{"name":"us-central1-api"},"extension":{},"message":"[worker-us-central1-api-e4a587de-2c42-4e04-b7e0-326232dd613c]: BUSY"}}
[debug] [2025-06-19T05:55:44.083Z] Finishing up request with event=pause {"metadata":{"emulator":{"name":"functions"},"function":{"name":"us-central1-api"},"extension":{},"message":"Finishing up request with event=pause"}}
[info] i  functions: Finished "us-central1-api" in 1.752708ms {"metadata":{"emulator":{"name":"functions"},"function":{"name":"us-central1-api"},"extension":{},"message":"Finished \"us-central1-api\" in 1.752708ms"}}
[debug] [2025-06-19T05:55:44.084Z] [worker-us-central1-api-e4a587de-2c42-4e04-b7e0-326232dd613c]: IDLE {"metadata":{"emulator":{"name":"functions"},"function":{"name":"us-central1-api"},"extension":{},"message":"[worker-us-central1-api-e4a587de-2c42-4e04-b7e0-326232dd613c]: IDLE"}}
[debug] [2025-06-19T05:55:44.084Z] Finishing up request with event=finish {"metadata":{"emulator":{"name":"functions"},"function":{"name":"us-central1-api"},"extension":{},"message":"Finishing up request with event=finish"}}
[debug] [2025-06-19T05:55:44.084Z] Finishing up request with event=close {"metadata":{"emulator":{"name":"functions"},"function":{"name":"us-central1-api"},"extension":{},"message":"Finishing up request with event=close"}}
[debug] [2025-06-19T05:55:44.084Z] [work-queue] {"queuedWork":[],"queueLength":0,"runningWork":[],"workRunningCount":0}
[debug] [2025-06-19T05:55:44.085Z] [work-queue] {"queuedWork":["/ezpage-127d9/us-central1/api/repositories-2025-06-19T05:55:44.085Z"],"queueLength":1,"runningWork":[],"workRunningCount":0}
[debug] [2025-06-19T05:55:44.085Z] [work-queue] {"queuedWork":[],"queueLength":0,"runningWork":["/ezpage-127d9/us-central1/api/repositories-2025-06-19T05:55:44.085Z"],"workRunningCount":1}
[debug] [2025-06-19T05:55:44.085Z] Accepted request GET /ezpage-127d9/us-central1/api/repositories --> us-central1-api
[debug] [2025-06-19T05:55:44.088Z] [functions] Runtime ready! Sending request! {"metadata":{"emulator":{"name":"functions"},"message":"[functions] Runtime ready! Sending request!"}}
[debug] [2025-06-19T05:55:44.088Z] [functions] Got req.url=/ezpage-127d9/us-central1/api/repositories, mapping to path=/repositories {"metadata":{"emulator":{"name":"functions"},"message":"[functions] Got req.url=/ezpage-127d9/us-central1/api/repositories, mapping to path=/repositories"}}
[debug] [2025-06-19T05:55:44.088Z] [worker-pool] submitRequest(triggerId=us-central1-api) {"metadata":{"emulator":{"name":"functions"},"message":"[worker-pool] submitRequest(triggerId=us-central1-api)"}}
[info] i  functions: Beginning execution of "us-central1-api" {"metadata":{"emulator":{"name":"functions"},"function":{"name":"us-central1-api"},"extension":{},"message":"Beginning execution of \"us-central1-api\""}}
[debug] [2025-06-19T05:55:44.088Z] [worker-us-central1-api-e4a587de-2c42-4e04-b7e0-326232dd613c]: BUSY {"metadata":{"emulator":{"name":"functions"},"function":{"name":"us-central1-api"},"extension":{},"message":"[worker-us-central1-api-e4a587de-2c42-4e04-b7e0-326232dd613c]: BUSY"}}
[info] >  開始獲取用戶的 GitHub repositories... {"user":"開始獲取用戶的 GitHub repositories...","metadata":{"emulator":{"name":"functions"},"function":{"name":"us-central1-api"},"extension":{},"message":"\u001b[90m> \u001b[39m 開始獲取用戶的 GitHub repositories..."}}
[info] >  Token: 存在 {"user":"Token: 存在","metadata":{"emulator":{"name":"functions"},"function":{"name":"us-central1-api"},"extension":{},"message":"\u001b[90m> \u001b[39m Token: 存在"}}
[info] >  獲取到 repositories 數量: 1 {"user":"獲取到 repositories 數量: 1","metadata":{"emulator":{"name":"functions"},"function":{"name":"us-central1-api"},"extension":{},"message":"\u001b[90m> \u001b[39m 獲取到 repositories 數量: 1"}}
[info] >  最終回傳資料: 1 個 repositories {"user":"最終回傳資料: 1 個 repositories","metadata":{"emulator":{"name":"functions"},"function":{"name":"us-central1-api"},"extension":{},"message":"\u001b[90m> \u001b[39m 最終回傳資料: 1 個 repositories"}}
[debug] [2025-06-19T05:55:44.508Z] Finishing up request with event=pause {"metadata":{"emulator":{"name":"functions"},"function":{"name":"us-central1-api"},"extension":{},"message":"Finishing up request with event=pause"}}
[info] i  functions: Finished "us-central1-api" in 420.451417ms {"metadata":{"emulator":{"name":"functions"},"function":{"name":"us-central1-api"},"extension":{},"message":"Finished \"us-central1-api\" in 420.451417ms"}}
[debug] [2025-06-19T05:55:44.509Z] [worker-us-central1-api-e4a587de-2c42-4e04-b7e0-326232dd613c]: IDLE {"metadata":{"emulator":{"name":"functions"},"function":{"name":"us-central1-api"},"extension":{},"message":"[worker-us-central1-api-e4a587de-2c42-4e04-b7e0-326232dd613c]: IDLE"}}
[debug] [2025-06-19T05:55:44.509Z] Finishing up request with event=finish {"metadata":{"emulator":{"name":"functions"},"function":{"name":"us-central1-api"},"extension":{},"message":"Finishing up request with event=finish"}}
[debug] [2025-06-19T05:55:44.509Z] Finishing up request with event=close {"metadata":{"emulator":{"name":"functions"},"function":{"name":"us-central1-api"},"extension":{},"message":"Finishing up request with event=close"}}
[debug] [2025-06-19T05:55:44.509Z] [work-queue] {"queuedWork":[],"queueLength":0,"runningWork":[],"workRunningCount":0}
[debug] [2025-06-19T06:05:18.058Z] [work-queue] {"queuedWork":["/ezpage-127d9/us-central1/api/auth/callback-2025-06-19T06:05:18.057Z"],"queueLength":1,"runningWork":[],"workRunningCount":0}
[debug] [2025-06-19T06:05:18.059Z] [work-queue] {"queuedWork":[],"queueLength":0,"runningWork":["/ezpage-127d9/us-central1/api/auth/callback-2025-06-19T06:05:18.057Z"],"workRunningCount":1}
[debug] [2025-06-19T06:05:18.059Z] Accepted request GET /ezpage-127d9/us-central1/api/auth/callback?code=4fad9eed6356c65b5675 --> us-central1-api
[debug] [2025-06-19T06:05:18.065Z] [functions] Runtime ready! Sending request! {"metadata":{"emulator":{"name":"functions"},"message":"[functions] Runtime ready! Sending request!"}}
[debug] [2025-06-19T06:05:18.065Z] [functions] Got req.url=/ezpage-127d9/us-central1/api/auth/callback?code=4fad9eed6356c65b5675, mapping to path=/auth/callback?code=4fad9eed6356c65b5675 {"metadata":{"emulator":{"name":"functions"},"message":"[functions] Got req.url=/ezpage-127d9/us-central1/api/auth/callback?code=4fad9eed6356c65b5675, mapping to path=/auth/callback?code=4fad9eed6356c65b5675"}}
[debug] [2025-06-19T06:05:18.065Z] [worker-pool] submitRequest(triggerId=us-central1-api) {"metadata":{"emulator":{"name":"functions"},"message":"[worker-pool] submitRequest(triggerId=us-central1-api)"}}
[info] i  functions: Beginning execution of "us-central1-api" {"metadata":{"emulator":{"name":"functions"},"function":{"name":"us-central1-api"},"extension":{},"message":"Beginning execution of \"us-central1-api\""}}
[debug] [2025-06-19T06:05:18.066Z] [worker-us-central1-api-e4a587de-2c42-4e04-b7e0-326232dd613c]: BUSY {"metadata":{"emulator":{"name":"functions"},"function":{"name":"us-central1-api"},"extension":{},"message":"[worker-us-central1-api-e4a587de-2c42-4e04-b7e0-326232dd613c]: BUSY"}}
[debug] [2025-06-19T06:05:18.998Z] Finishing up request with event=pause {"metadata":{"emulator":{"name":"functions"},"function":{"name":"us-central1-api"},"extension":{},"message":"Finishing up request with event=pause"}}
[info] i  functions: Finished "us-central1-api" in 931.645625ms {"metadata":{"emulator":{"name":"functions"},"function":{"name":"us-central1-api"},"extension":{},"message":"Finished \"us-central1-api\" in 931.645625ms"}}
[debug] [2025-06-19T06:05:18.999Z] [worker-us-central1-api-e4a587de-2c42-4e04-b7e0-326232dd613c]: IDLE {"metadata":{"emulator":{"name":"functions"},"function":{"name":"us-central1-api"},"extension":{},"message":"[worker-us-central1-api-e4a587de-2c42-4e04-b7e0-326232dd613c]: IDLE"}}
[debug] [2025-06-19T06:05:18.999Z] Finishing up request with event=finish {"metadata":{"emulator":{"name":"functions"},"function":{"name":"us-central1-api"},"extension":{},"message":"Finishing up request with event=finish"}}
[debug] [2025-06-19T06:05:19.000Z] Finishing up request with event=close {"metadata":{"emulator":{"name":"functions"},"function":{"name":"us-central1-api"},"extension":{},"message":"Finishing up request with event=close"}}
[debug] [2025-06-19T06:05:19.000Z] [work-queue] {"queuedWork":[],"queueLength":0,"runningWork":[],"workRunningCount":0}
[debug] [2025-06-19T06:05:19.029Z] [work-queue] {"queuedWork":["/ezpage-127d9/us-central1/api/repositories-2025-06-19T06:05:19.029Z"],"queueLength":1,"runningWork":[],"workRunningCount":0}
[debug] [2025-06-19T06:05:19.029Z] [work-queue] {"queuedWork":[],"queueLength":0,"runningWork":["/ezpage-127d9/us-central1/api/repositories-2025-06-19T06:05:19.029Z"],"workRunningCount":1}
[debug] [2025-06-19T06:05:19.029Z] Accepted request OPTIONS /ezpage-127d9/us-central1/api/repositories --> us-central1-api
[debug] [2025-06-19T06:05:19.029Z] [functions] Runtime ready! Sending request! {"metadata":{"emulator":{"name":"functions"},"message":"[functions] Runtime ready! Sending request!"}}
[debug] [2025-06-19T06:05:19.029Z] [functions] Got req.url=/ezpage-127d9/us-central1/api/repositories, mapping to path=/repositories {"metadata":{"emulator":{"name":"functions"},"message":"[functions] Got req.url=/ezpage-127d9/us-central1/api/repositories, mapping to path=/repositories"}}
[debug] [2025-06-19T06:05:19.030Z] [worker-pool] submitRequest(triggerId=us-central1-api) {"metadata":{"emulator":{"name":"functions"},"message":"[worker-pool] submitRequest(triggerId=us-central1-api)"}}
[info] i  functions: Beginning execution of "us-central1-api" {"metadata":{"emulator":{"name":"functions"},"function":{"name":"us-central1-api"},"extension":{},"message":"Beginning execution of \"us-central1-api\""}}
[debug] [2025-06-19T06:05:19.030Z] [worker-us-central1-api-e4a587de-2c42-4e04-b7e0-326232dd613c]: BUSY {"metadata":{"emulator":{"name":"functions"},"function":{"name":"us-central1-api"},"extension":{},"message":"[worker-us-central1-api-e4a587de-2c42-4e04-b7e0-326232dd613c]: BUSY"}}
[debug] [2025-06-19T06:05:19.031Z] Finishing up request with event=pause {"metadata":{"emulator":{"name":"functions"},"function":{"name":"us-central1-api"},"extension":{},"message":"Finishing up request with event=pause"}}
[info] i  functions: Finished "us-central1-api" in 1.700125ms {"metadata":{"emulator":{"name":"functions"},"function":{"name":"us-central1-api"},"extension":{},"message":"Finished \"us-central1-api\" in 1.700125ms"}}
[debug] [2025-06-19T06:05:19.032Z] [worker-us-central1-api-e4a587de-2c42-4e04-b7e0-326232dd613c]: IDLE {"metadata":{"emulator":{"name":"functions"},"function":{"name":"us-central1-api"},"extension":{},"message":"[worker-us-central1-api-e4a587de-2c42-4e04-b7e0-326232dd613c]: IDLE"}}
[debug] [2025-06-19T06:05:19.032Z] Finishing up request with event=finish {"metadata":{"emulator":{"name":"functions"},"function":{"name":"us-central1-api"},"extension":{},"message":"Finishing up request with event=finish"}}
[debug] [2025-06-19T06:05:19.032Z] Finishing up request with event=close {"metadata":{"emulator":{"name":"functions"},"function":{"name":"us-central1-api"},"extension":{},"message":"Finishing up request with event=close"}}
[debug] [2025-06-19T06:05:19.032Z] [work-queue] {"queuedWork":[],"queueLength":0,"runningWork":[],"workRunningCount":0}
[debug] [2025-06-19T06:05:19.033Z] [work-queue] {"queuedWork":["/ezpage-127d9/us-central1/api/repositories-2025-06-19T06:05:19.033Z"],"queueLength":1,"runningWork":[],"workRunningCount":0}
[debug] [2025-06-19T06:05:19.033Z] [work-queue] {"queuedWork":[],"queueLength":0,"runningWork":["/ezpage-127d9/us-central1/api/repositories-2025-06-19T06:05:19.033Z"],"workRunningCount":1}
[debug] [2025-06-19T06:05:19.033Z] Accepted request GET /ezpage-127d9/us-central1/api/repositories --> us-central1-api
[debug] [2025-06-19T06:05:19.035Z] [functions] Runtime ready! Sending request! {"metadata":{"emulator":{"name":"functions"},"message":"[functions] Runtime ready! Sending request!"}}
[debug] [2025-06-19T06:05:19.036Z] [functions] Got req.url=/ezpage-127d9/us-central1/api/repositories, mapping to path=/repositories {"metadata":{"emulator":{"name":"functions"},"message":"[functions] Got req.url=/ezpage-127d9/us-central1/api/repositories, mapping to path=/repositories"}}
[debug] [2025-06-19T06:05:19.036Z] [worker-pool] submitRequest(triggerId=us-central1-api) {"metadata":{"emulator":{"name":"functions"},"message":"[worker-pool] submitRequest(triggerId=us-central1-api)"}}
[info] i  functions: Beginning execution of "us-central1-api" {"metadata":{"emulator":{"name":"functions"},"function":{"name":"us-central1-api"},"extension":{},"message":"Beginning execution of \"us-central1-api\""}}
[debug] [2025-06-19T06:05:19.036Z] [worker-us-central1-api-e4a587de-2c42-4e04-b7e0-326232dd613c]: BUSY {"metadata":{"emulator":{"name":"functions"},"function":{"name":"us-central1-api"},"extension":{},"message":"[worker-us-central1-api-e4a587de-2c42-4e04-b7e0-326232dd613c]: BUSY"}}
[info] >  開始獲取用戶的 GitHub repositories... {"user":"開始獲取用戶的 GitHub repositories...","metadata":{"emulator":{"name":"functions"},"function":{"name":"us-central1-api"},"extension":{},"message":"\u001b[90m> \u001b[39m 開始獲取用戶的 GitHub repositories..."}}
[info] >  Token: 存在 {"user":"Token: 存在","metadata":{"emulator":{"name":"functions"},"function":{"name":"us-central1-api"},"extension":{},"message":"\u001b[90m> \u001b[39m Token: 存在"}}
[info] >  獲取到 repositories 數量: 1 {"user":"獲取到 repositories 數量: 1","metadata":{"emulator":{"name":"functions"},"function":{"name":"us-central1-api"},"extension":{},"message":"\u001b[90m> \u001b[39m 獲取到 repositories 數量: 1"}}
[info] >  最終回傳資料: 1 個 repositories {"user":"最終回傳資料: 1 個 repositories","metadata":{"emulator":{"name":"functions"},"function":{"name":"us-central1-api"},"extension":{},"message":"\u001b[90m> \u001b[39m 最終回傳資料: 1 個 repositories"}}
[debug] [2025-06-19T06:05:19.528Z] Finishing up request with event=pause {"metadata":{"emulator":{"name":"functions"},"function":{"name":"us-central1-api"},"extension":{},"message":"Finishing up request with event=pause"}}
[info] i  functions: Finished "us-central1-api" in 492.571459ms {"metadata":{"emulator":{"name":"functions"},"function":{"name":"us-central1-api"},"extension":{},"message":"Finished \"us-central1-api\" in 492.571459ms"}}
[debug] [2025-06-19T06:05:19.533Z] [worker-us-central1-api-e4a587de-2c42-4e04-b7e0-326232dd613c]: IDLE {"metadata":{"emulator":{"name":"functions"},"function":{"name":"us-central1-api"},"extension":{},"message":"[worker-us-central1-api-e4a587de-2c42-4e04-b7e0-326232dd613c]: IDLE"}}
[debug] [2025-06-19T06:05:19.545Z] Finishing up request with event=finish {"metadata":{"emulator":{"name":"functions"},"function":{"name":"us-central1-api"},"extension":{},"message":"Finishing up request with event=finish"}}
[debug] [2025-06-19T06:05:19.545Z] Finishing up request with event=close {"metadata":{"emulator":{"name":"functions"},"function":{"name":"us-central1-api"},"extension":{},"message":"Finishing up request with event=close"}}
[debug] [2025-06-19T06:05:19.545Z] [work-queue] {"queuedWork":[],"queueLength":0,"runningWork":[],"workRunningCount":0}
[debug] [2025-06-19T06:06:16.409Z] [work-queue] {"queuedWork":["/ezpage-127d9/us-central1/api/auth/callback-2025-06-19T06:06:16.409Z"],"queueLength":1,"runningWork":[],"workRunningCount":0}
[debug] [2025-06-19T06:06:16.409Z] [work-queue] {"queuedWork":[],"queueLength":0,"runningWork":["/ezpage-127d9/us-central1/api/auth/callback-2025-06-19T06:06:16.409Z"],"workRunningCount":1}
[debug] [2025-06-19T06:06:16.410Z] Accepted request GET /ezpage-127d9/us-central1/api/auth/callback?code=2e7ddce4dbc3376b1274 --> us-central1-api
[debug] [2025-06-19T06:06:16.413Z] [functions] Runtime ready! Sending request! {"metadata":{"emulator":{"name":"functions"},"message":"[functions] Runtime ready! Sending request!"}}
[debug] [2025-06-19T06:06:16.413Z] [functions] Got req.url=/ezpage-127d9/us-central1/api/auth/callback?code=2e7ddce4dbc3376b1274, mapping to path=/auth/callback?code=2e7ddce4dbc3376b1274 {"metadata":{"emulator":{"name":"functions"},"message":"[functions] Got req.url=/ezpage-127d9/us-central1/api/auth/callback?code=2e7ddce4dbc3376b1274, mapping to path=/auth/callback?code=2e7ddce4dbc3376b1274"}}
[debug] [2025-06-19T06:06:16.413Z] [worker-pool] submitRequest(triggerId=us-central1-api) {"metadata":{"emulator":{"name":"functions"},"message":"[worker-pool] submitRequest(triggerId=us-central1-api)"}}
[info] i  functions: Beginning execution of "us-central1-api" {"metadata":{"emulator":{"name":"functions"},"function":{"name":"us-central1-api"},"extension":{},"message":"Beginning execution of \"us-central1-api\""}}
[debug] [2025-06-19T06:06:16.414Z] [worker-us-central1-api-e4a587de-2c42-4e04-b7e0-326232dd613c]: BUSY {"metadata":{"emulator":{"name":"functions"},"function":{"name":"us-central1-api"},"extension":{},"message":"[worker-us-central1-api-e4a587de-2c42-4e04-b7e0-326232dd613c]: BUSY"}}
[debug] [2025-06-19T06:06:17.239Z] Finishing up request with event=pause {"metadata":{"emulator":{"name":"functions"},"function":{"name":"us-central1-api"},"extension":{},"message":"Finishing up request with event=pause"}}
[info] i  functions: Finished "us-central1-api" in 826.295125ms {"metadata":{"emulator":{"name":"functions"},"function":{"name":"us-central1-api"},"extension":{},"message":"Finished \"us-central1-api\" in 826.295125ms"}}
[debug] [2025-06-19T06:06:17.240Z] [worker-us-central1-api-e4a587de-2c42-4e04-b7e0-326232dd613c]: IDLE {"metadata":{"emulator":{"name":"functions"},"function":{"name":"us-central1-api"},"extension":{},"message":"[worker-us-central1-api-e4a587de-2c42-4e04-b7e0-326232dd613c]: IDLE"}}
[debug] [2025-06-19T06:06:17.240Z] Finishing up request with event=finish {"metadata":{"emulator":{"name":"functions"},"function":{"name":"us-central1-api"},"extension":{},"message":"Finishing up request with event=finish"}}
[debug] [2025-06-19T06:06:17.240Z] Finishing up request with event=close {"metadata":{"emulator":{"name":"functions"},"function":{"name":"us-central1-api"},"extension":{},"message":"Finishing up request with event=close"}}
[debug] [2025-06-19T06:06:17.240Z] [work-queue] {"queuedWork":[],"queueLength":0,"runningWork":[],"workRunningCount":0}
[debug] [2025-06-19T06:06:17.278Z] [work-queue] {"queuedWork":["/ezpage-127d9/us-central1/api/repositories-2025-06-19T06:06:17.278Z"],"queueLength":1,"runningWork":[],"workRunningCount":0}
[debug] [2025-06-19T06:06:17.278Z] [work-queue] {"queuedWork":[],"queueLength":0,"runningWork":["/ezpage-127d9/us-central1/api/repositories-2025-06-19T06:06:17.278Z"],"workRunningCount":1}
[debug] [2025-06-19T06:06:17.278Z] Accepted request OPTIONS /ezpage-127d9/us-central1/api/repositories --> us-central1-api
[debug] [2025-06-19T06:06:17.279Z] [functions] Runtime ready! Sending request! {"metadata":{"emulator":{"name":"functions"},"message":"[functions] Runtime ready! Sending request!"}}
[debug] [2025-06-19T06:06:17.279Z] [functions] Got req.url=/ezpage-127d9/us-central1/api/repositories, mapping to path=/repositories {"metadata":{"emulator":{"name":"functions"},"message":"[functions] Got req.url=/ezpage-127d9/us-central1/api/repositories, mapping to path=/repositories"}}
[debug] [2025-06-19T06:06:17.279Z] [worker-pool] submitRequest(triggerId=us-central1-api) {"metadata":{"emulator":{"name":"functions"},"message":"[worker-pool] submitRequest(triggerId=us-central1-api)"}}
[info] i  functions: Beginning execution of "us-central1-api" {"metadata":{"emulator":{"name":"functions"},"function":{"name":"us-central1-api"},"extension":{},"message":"Beginning execution of \"us-central1-api\""}}
[debug] [2025-06-19T06:06:17.279Z] [worker-us-central1-api-e4a587de-2c42-4e04-b7e0-326232dd613c]: BUSY {"metadata":{"emulator":{"name":"functions"},"function":{"name":"us-central1-api"},"extension":{},"message":"[worker-us-central1-api-e4a587de-2c42-4e04-b7e0-326232dd613c]: BUSY"}}
[debug] [2025-06-19T06:06:17.281Z] Finishing up request with event=pause {"metadata":{"emulator":{"name":"functions"},"function":{"name":"us-central1-api"},"extension":{},"message":"Finishing up request with event=pause"}}
[info] i  functions: Finished "us-central1-api" in 1.945916ms {"metadata":{"emulator":{"name":"functions"},"function":{"name":"us-central1-api"},"extension":{},"message":"Finished \"us-central1-api\" in 1.945916ms"}}
[debug] [2025-06-19T06:06:17.281Z] [worker-us-central1-api-e4a587de-2c42-4e04-b7e0-326232dd613c]: IDLE {"metadata":{"emulator":{"name":"functions"},"function":{"name":"us-central1-api"},"extension":{},"message":"[worker-us-central1-api-e4a587de-2c42-4e04-b7e0-326232dd613c]: IDLE"}}
[debug] [2025-06-19T06:06:17.282Z] Finishing up request with event=finish {"metadata":{"emulator":{"name":"functions"},"function":{"name":"us-central1-api"},"extension":{},"message":"Finishing up request with event=finish"}}
[debug] [2025-06-19T06:06:17.282Z] Finishing up request with event=close {"metadata":{"emulator":{"name":"functions"},"function":{"name":"us-central1-api"},"extension":{},"message":"Finishing up request with event=close"}}
[debug] [2025-06-19T06:06:17.282Z] [work-queue] {"queuedWork":[],"queueLength":0,"runningWork":[],"workRunningCount":0}
[debug] [2025-06-19T06:06:17.283Z] [work-queue] {"queuedWork":["/ezpage-127d9/us-central1/api/repositories-2025-06-19T06:06:17.283Z"],"queueLength":1,"runningWork":[],"workRunningCount":0}
[debug] [2025-06-19T06:06:17.283Z] [work-queue] {"queuedWork":[],"queueLength":0,"runningWork":["/ezpage-127d9/us-central1/api/repositories-2025-06-19T06:06:17.283Z"],"workRunningCount":1}
[debug] [2025-06-19T06:06:17.283Z] Accepted request GET /ezpage-127d9/us-central1/api/repositories --> us-central1-api
[debug] [2025-06-19T06:06:17.284Z] [functions] Runtime ready! Sending request! {"metadata":{"emulator":{"name":"functions"},"message":"[functions] Runtime ready! Sending request!"}}
[debug] [2025-06-19T06:06:17.285Z] [functions] Got req.url=/ezpage-127d9/us-central1/api/repositories, mapping to path=/repositories {"metadata":{"emulator":{"name":"functions"},"message":"[functions] Got req.url=/ezpage-127d9/us-central1/api/repositories, mapping to path=/repositories"}}
[debug] [2025-06-19T06:06:17.285Z] [worker-pool] submitRequest(triggerId=us-central1-api) {"metadata":{"emulator":{"name":"functions"},"message":"[worker-pool] submitRequest(triggerId=us-central1-api)"}}
[info] i  functions: Beginning execution of "us-central1-api" {"metadata":{"emulator":{"name":"functions"},"function":{"name":"us-central1-api"},"extension":{},"message":"Beginning execution of \"us-central1-api\""}}
[debug] [2025-06-19T06:06:17.285Z] [worker-us-central1-api-e4a587de-2c42-4e04-b7e0-326232dd613c]: BUSY {"metadata":{"emulator":{"name":"functions"},"function":{"name":"us-central1-api"},"extension":{},"message":"[worker-us-central1-api-e4a587de-2c42-4e04-b7e0-326232dd613c]: BUSY"}}
[info] >  開始獲取用戶的 GitHub repositories... {"user":"開始獲取用戶的 GitHub repositories...","metadata":{"emulator":{"name":"functions"},"function":{"name":"us-central1-api"},"extension":{},"message":"\u001b[90m> \u001b[39m 開始獲取用戶的 GitHub repositories..."}}
[info] >  Token: 存在 {"user":"Token: 存在","metadata":{"emulator":{"name":"functions"},"function":{"name":"us-central1-api"},"extension":{},"message":"\u001b[90m> \u001b[39m Token: 存在"}}
[info] >  獲取到 repositories 數量: 1 {"user":"獲取到 repositories 數量: 1","metadata":{"emulator":{"name":"functions"},"function":{"name":"us-central1-api"},"extension":{},"message":"\u001b[90m> \u001b[39m 獲取到 repositories 數量: 1"}}
[info] >  最終回傳資料: 1 個 repositories {"user":"最終回傳資料: 1 個 repositories","metadata":{"emulator":{"name":"functions"},"function":{"name":"us-central1-api"},"extension":{},"message":"\u001b[90m> \u001b[39m 最終回傳資料: 1 個 repositories"}}
[debug] [2025-06-19T06:06:17.729Z] Finishing up request with event=pause {"metadata":{"emulator":{"name":"functions"},"function":{"name":"us-central1-api"},"extension":{},"message":"Finishing up request with event=pause"}}
[info] i  functions: Finished "us-central1-api" in 443.771209ms {"metadata":{"emulator":{"name":"functions"},"function":{"name":"us-central1-api"},"extension":{},"message":"Finished \"us-central1-api\" in 443.771209ms"}}
[debug] [2025-06-19T06:06:17.729Z] [worker-us-central1-api-e4a587de-2c42-4e04-b7e0-326232dd613c]: IDLE {"metadata":{"emulator":{"name":"functions"},"function":{"name":"us-central1-api"},"extension":{},"message":"[worker-us-central1-api-e4a587de-2c42-4e04-b7e0-326232dd613c]: IDLE"}}
[debug] [2025-06-19T06:06:17.729Z] Finishing up request with event=finish {"metadata":{"emulator":{"name":"functions"},"function":{"name":"us-central1-api"},"extension":{},"message":"Finishing up request with event=finish"}}
[debug] [2025-06-19T06:06:17.729Z] Finishing up request with event=close {"metadata":{"emulator":{"name":"functions"},"function":{"name":"us-central1-api"},"extension":{},"message":"Finishing up request with event=close"}}
[debug] [2025-06-19T06:06:17.729Z] [work-queue] {"queuedWork":[],"queueLength":0,"runningWork":[],"workRunningCount":0}
[debug] [2025-06-19T06:06:23.295Z] [work-queue] {"queuedWork":["/ezpage-127d9/us-central1/api/auth/callback-2025-06-19T06:06:23.295Z"],"queueLength":1,"runningWork":[],"workRunningCount":0}
[debug] [2025-06-19T06:06:23.295Z] [work-queue] {"queuedWork":[],"queueLength":0,"runningWork":["/ezpage-127d9/us-central1/api/auth/callback-2025-06-19T06:06:23.295Z"],"workRunningCount":1}
[debug] [2025-06-19T06:06:23.296Z] Accepted request GET /ezpage-127d9/us-central1/api/auth/callback?code=557bd711a50aad5ec38d --> us-central1-api
[debug] [2025-06-19T06:06:23.298Z] [functions] Runtime ready! Sending request! {"metadata":{"emulator":{"name":"functions"},"message":"[functions] Runtime ready! Sending request!"}}
[debug] [2025-06-19T06:06:23.298Z] [functions] Got req.url=/ezpage-127d9/us-central1/api/auth/callback?code=557bd711a50aad5ec38d, mapping to path=/auth/callback?code=557bd711a50aad5ec38d {"metadata":{"emulator":{"name":"functions"},"message":"[functions] Got req.url=/ezpage-127d9/us-central1/api/auth/callback?code=557bd711a50aad5ec38d, mapping to path=/auth/callback?code=557bd711a50aad5ec38d"}}
[debug] [2025-06-19T06:06:23.298Z] [worker-pool] submitRequest(triggerId=us-central1-api) {"metadata":{"emulator":{"name":"functions"},"message":"[worker-pool] submitRequest(triggerId=us-central1-api)"}}
[info] i  functions: Beginning execution of "us-central1-api" {"metadata":{"emulator":{"name":"functions"},"function":{"name":"us-central1-api"},"extension":{},"message":"Beginning execution of \"us-central1-api\""}}
[debug] [2025-06-19T06:06:23.299Z] [worker-us-central1-api-e4a587de-2c42-4e04-b7e0-326232dd613c]: BUSY {"metadata":{"emulator":{"name":"functions"},"function":{"name":"us-central1-api"},"extension":{},"message":"[worker-us-central1-api-e4a587de-2c42-4e04-b7e0-326232dd613c]: BUSY"}}
[debug] [2025-06-19T06:06:24.064Z] Finishing up request with event=pause {"metadata":{"emulator":{"name":"functions"},"function":{"name":"us-central1-api"},"extension":{},"message":"Finishing up request with event=pause"}}
[info] i  functions: Finished "us-central1-api" in 765.99275ms {"metadata":{"emulator":{"name":"functions"},"function":{"name":"us-central1-api"},"extension":{},"message":"Finished \"us-central1-api\" in 765.99275ms"}}
[debug] [2025-06-19T06:06:24.065Z] [worker-us-central1-api-e4a587de-2c42-4e04-b7e0-326232dd613c]: IDLE {"metadata":{"emulator":{"name":"functions"},"function":{"name":"us-central1-api"},"extension":{},"message":"[worker-us-central1-api-e4a587de-2c42-4e04-b7e0-326232dd613c]: IDLE"}}
[debug] [2025-06-19T06:06:24.065Z] Finishing up request with event=finish {"metadata":{"emulator":{"name":"functions"},"function":{"name":"us-central1-api"},"extension":{},"message":"Finishing up request with event=finish"}}
[debug] [2025-06-19T06:06:24.065Z] Finishing up request with event=close {"metadata":{"emulator":{"name":"functions"},"function":{"name":"us-central1-api"},"extension":{},"message":"Finishing up request with event=close"}}
[debug] [2025-06-19T06:06:24.065Z] [work-queue] {"queuedWork":[],"queueLength":0,"runningWork":[],"workRunningCount":0}
[debug] [2025-06-19T06:06:24.094Z] [work-queue] {"queuedWork":["/ezpage-127d9/us-central1/api/repositories-2025-06-19T06:06:24.094Z"],"queueLength":1,"runningWork":[],"workRunningCount":0}
[debug] [2025-06-19T06:06:24.095Z] [work-queue] {"queuedWork":[],"queueLength":0,"runningWork":["/ezpage-127d9/us-central1/api/repositories-2025-06-19T06:06:24.094Z"],"workRunningCount":1}
[debug] [2025-06-19T06:06:24.096Z] Accepted request OPTIONS /ezpage-127d9/us-central1/api/repositories --> us-central1-api
[debug] [2025-06-19T06:06:24.096Z] [functions] Runtime ready! Sending request! {"metadata":{"emulator":{"name":"functions"},"message":"[functions] Runtime ready! Sending request!"}}
[debug] [2025-06-19T06:06:24.097Z] [functions] Got req.url=/ezpage-127d9/us-central1/api/repositories, mapping to path=/repositories {"metadata":{"emulator":{"name":"functions"},"message":"[functions] Got req.url=/ezpage-127d9/us-central1/api/repositories, mapping to path=/repositories"}}
[debug] [2025-06-19T06:06:24.097Z] [worker-pool] submitRequest(triggerId=us-central1-api) {"metadata":{"emulator":{"name":"functions"},"message":"[worker-pool] submitRequest(triggerId=us-central1-api)"}}
[info] i  functions: Beginning execution of "us-central1-api" {"metadata":{"emulator":{"name":"functions"},"function":{"name":"us-central1-api"},"extension":{},"message":"Beginning execution of \"us-central1-api\""}}
[debug] [2025-06-19T06:06:24.099Z] [worker-us-central1-api-e4a587de-2c42-4e04-b7e0-326232dd613c]: BUSY {"metadata":{"emulator":{"name":"functions"},"function":{"name":"us-central1-api"},"extension":{},"message":"[worker-us-central1-api-e4a587de-2c42-4e04-b7e0-326232dd613c]: BUSY"}}
[debug] [2025-06-19T06:06:24.101Z] Finishing up request with event=pause {"metadata":{"emulator":{"name":"functions"},"function":{"name":"us-central1-api"},"extension":{},"message":"Finishing up request with event=pause"}}
[info] i  functions: Finished "us-central1-api" in 1.688625ms {"metadata":{"emulator":{"name":"functions"},"function":{"name":"us-central1-api"},"extension":{},"message":"Finished \"us-central1-api\" in 1.688625ms"}}
[debug] [2025-06-19T06:06:24.101Z] [worker-us-central1-api-e4a587de-2c42-4e04-b7e0-326232dd613c]: IDLE {"metadata":{"emulator":{"name":"functions"},"function":{"name":"us-central1-api"},"extension":{},"message":"[worker-us-central1-api-e4a587de-2c42-4e04-b7e0-326232dd613c]: IDLE"}}
[debug] [2025-06-19T06:06:24.102Z] Finishing up request with event=finish {"metadata":{"emulator":{"name":"functions"},"function":{"name":"us-central1-api"},"extension":{},"message":"Finishing up request with event=finish"}}
[debug] [2025-06-19T06:06:24.102Z] Finishing up request with event=close {"metadata":{"emulator":{"name":"functions"},"function":{"name":"us-central1-api"},"extension":{},"message":"Finishing up request with event=close"}}
[debug] [2025-06-19T06:06:24.102Z] [work-queue] {"queuedWork":[],"queueLength":0,"runningWork":[],"workRunningCount":0}
[debug] [2025-06-19T06:06:24.102Z] [work-queue] {"queuedWork":["/ezpage-127d9/us-central1/api/repositories-2025-06-19T06:06:24.102Z"],"queueLength":1,"runningWork":[],"workRunningCount":0}
[debug] [2025-06-19T06:06:24.102Z] [work-queue] {"queuedWork":[],"queueLength":0,"runningWork":["/ezpage-127d9/us-central1/api/repositories-2025-06-19T06:06:24.102Z"],"workRunningCount":1}
[debug] [2025-06-19T06:06:24.102Z] Accepted request GET /ezpage-127d9/us-central1/api/repositories --> us-central1-api
[debug] [2025-06-19T06:06:24.104Z] [functions] Runtime ready! Sending request! {"metadata":{"emulator":{"name":"functions"},"message":"[functions] Runtime ready! Sending request!"}}
[debug] [2025-06-19T06:06:24.104Z] [functions] Got req.url=/ezpage-127d9/us-central1/api/repositories, mapping to path=/repositories {"metadata":{"emulator":{"name":"functions"},"message":"[functions] Got req.url=/ezpage-127d9/us-central1/api/repositories, mapping to path=/repositories"}}
[debug] [2025-06-19T06:06:24.104Z] [worker-pool] submitRequest(triggerId=us-central1-api) {"metadata":{"emulator":{"name":"functions"},"message":"[worker-pool] submitRequest(triggerId=us-central1-api)"}}
[info] i  functions: Beginning execution of "us-central1-api" {"metadata":{"emulator":{"name":"functions"},"function":{"name":"us-central1-api"},"extension":{},"message":"Beginning execution of \"us-central1-api\""}}
[debug] [2025-06-19T06:06:24.106Z] [worker-us-central1-api-e4a587de-2c42-4e04-b7e0-326232dd613c]: BUSY {"metadata":{"emulator":{"name":"functions"},"function":{"name":"us-central1-api"},"extension":{},"message":"[worker-us-central1-api-e4a587de-2c42-4e04-b7e0-326232dd613c]: BUSY"}}
[info] >  開始獲取用戶的 GitHub repositories... {"user":"開始獲取用戶的 GitHub repositories...","metadata":{"emulator":{"name":"functions"},"function":{"name":"us-central1-api"},"extension":{},"message":"\u001b[90m> \u001b[39m 開始獲取用戶的 GitHub repositories..."}}
[info] >  Token: 存在 {"user":"Token: 存在","metadata":{"emulator":{"name":"functions"},"function":{"name":"us-central1-api"},"extension":{},"message":"\u001b[90m> \u001b[39m Token: 存在"}}
[info] >  獲取到 repositories 數量: 1 {"user":"獲取到 repositories 數量: 1","metadata":{"emulator":{"name":"functions"},"function":{"name":"us-central1-api"},"extension":{},"message":"\u001b[90m> \u001b[39m 獲取到 repositories 數量: 1"}}
[info] >  最終回傳資料: 1 個 repositories {"user":"最終回傳資料: 1 個 repositories","metadata":{"emulator":{"name":"functions"},"function":{"name":"us-central1-api"},"extension":{},"message":"\u001b[90m> \u001b[39m 最終回傳資料: 1 個 repositories"}}
[debug] [2025-06-19T06:06:24.644Z] Finishing up request with event=pause {"metadata":{"emulator":{"name":"functions"},"function":{"name":"us-central1-api"},"extension":{},"message":"Finishing up request with event=pause"}}
[info] i  functions: Finished "us-central1-api" in 537.539ms {"metadata":{"emulator":{"name":"functions"},"function":{"name":"us-central1-api"},"extension":{},"message":"Finished \"us-central1-api\" in 537.539ms"}}
[debug] [2025-06-19T06:06:24.644Z] [worker-us-central1-api-e4a587de-2c42-4e04-b7e0-326232dd613c]: IDLE {"metadata":{"emulator":{"name":"functions"},"function":{"name":"us-central1-api"},"extension":{},"message":"[worker-us-central1-api-e4a587de-2c42-4e04-b7e0-326232dd613c]: IDLE"}}
[debug] [2025-06-19T06:06:24.644Z] Finishing up request with event=finish {"metadata":{"emulator":{"name":"functions"},"function":{"name":"us-central1-api"},"extension":{},"message":"Finishing up request with event=finish"}}
[debug] [2025-06-19T06:06:24.644Z] Finishing up request with event=close {"metadata":{"emulator":{"name":"functions"},"function":{"name":"us-central1-api"},"extension":{},"message":"Finishing up request with event=close"}}
[debug] [2025-06-19T06:06:24.644Z] [work-queue] {"queuedWork":[],"queueLength":0,"runningWork":[],"workRunningCount":0}
